dataset,model,group_column,group_value,n,errors,error_rate,mean_af_abraom,mean_score
abraom_common_benign,M0,variant_type,SNV,12099,2386,0.19720638069261923,0.2144612818956375,0.28504296932629647
abraom_common_benign,M0,clinvar_regional_cohort,unknown,11548,2236,0.1936266020090059,0.21248653531074524,0.2835150260864078
abraom_common_benign,M4_dynamic_gated,variant_type,SNV,12099,1580,0.1305893049012315,0.2144612818956375,0.3367628660815069
abraom_common_benign,M4_dynamic_gated,clinvar_regional_cohort,unknown,11548,1473,0.12755455490128162,0.21248653531074524,0.33504171971687197
abraom_common_benign,M2_gnomad_only,variant_type,SNV,12099,1404,0.1160426481527399,0.2144612818956375,0.33675080135123514
abraom_common_benign,M7_dynamic_scrambled,variant_type,SNV,12099,1345,0.11116621208364327,0.2144612818956375,0.3373733329090888
abraom_common_benign,M2_gnomad_only,clinvar_regional_cohort,unknown,11548,1304,0.11291998614478697,0.21248653531074524,0.33501836842498256
abraom_common_benign,M7_dynamic_scrambled,clinvar_regional_cohort,unknown,11548,1248,0.1080706615864219,0.21248653531074524,0.33560433705147985
abraom_common_benign,M0,specificity_bin,"(0.01,0.05]",5172,878,0.1697602474864656,0.2810513377189636,0.2713688113780697
abraom_common_benign,M0,specificity_bin,"(0.001,0.005]",2846,643,0.22593113141250878,0.1421542912721634,0.29704391927532303
abraom_common_benign,M0,specificity_bin,"(0.005,0.01]",2691,607,0.2255667038275734,0.141580730676651,0.29941973876206684
abraom_common_benign,M4_dynamic_gated,specificity_bin,"(0.01,0.05]",5172,586,0.11330239752513535,0.2810513377189636,0.32277854338392026
abraom_common_benign,M2_gnomad_only,specificity_bin,"(0.01,0.05]",5172,530,0.10247486465583913,0.2810513377189636,0.32229493038940593
abraom_common_benign,M7_dynamic_scrambled,specificity_bin,"(0.01,0.05]",5172,505,0.09764114462490332,0.2810513377189636,0.32299977243638095
abraom_common_benign,M5_v2_calibrated,variant_type,SNV,12099,502,0.04149103231672039,0.2144612818956375,0.2119609287335342
abraom_common_benign,M5_v2_calibrated,clinvar_regional_cohort,unknown,11548,485,0.04199861447869761,0.21248653531074524,0.2119710789413149
abraom_common_benign,M4_dynamic_gated,specificity_bin,"(0.005,0.01]",2691,417,0.15496098104793757,0.141580730676651,0.3512926769800365
abraom_common_benign,M4_dynamic_gated,specificity_bin,"(0.001,0.005]",2846,410,0.14406184118060436,0.1421542912721634,0.3503920695366821
abraom_common_benign,M2_gnomad_only,specificity_bin,"(0.005,0.01]",2691,371,0.13786696395392048,0.141580730676651,0.35233130814062535
abraom_common_benign,M7_dynamic_scrambled,specificity_bin,"(0.005,0.01]",2691,361,0.13415087328130806,0.141580730676651,0.35273898751462807
abraom_common_benign,M2_gnomad_only,specificity_bin,"(0.001,0.005]",2846,355,0.1247364722417428,0.1421542912721634,0.3508295409030589
abraom_common_benign,M7_dynamic_scrambled,specificity_bin,"(0.001,0.005]",2846,338,0.11876317638791287,0.1421542912721634,0.3513591274519622
abraom_common_benign,M5_v2_calibrated,specificity_bin,"(0.001,0.005]",2846,205,0.07203092059030218,0.1421542912721634,0.23377239773241773
abraom_common_benign,M0,specificity_bin,"(0,0.001]",844,163,0.19312796208530805,0.1609479784965515,0.2927225532266201
abraom_pathogenic_present,M5_dynamic_gated,variant_type,SNV,163,157,0.9631901840490797,0.05217956379055977,0.3060248565454424
abraom_common_benign,M5_v2_calibrated,specificity_bin,"(0.005,0.01]",2691,151,0.056112969156447416,0.141580730676651,0.22611251508991648
abraom_pathogenic_present,M5_dynamic_gated,clinvar_regional_cohort,unknown,148,143,0.9662162162162162,0.043028417974710464,0.30835732278993
br_only,M7_dynamic_scrambled,clinvar_regional_cohort,brazilian,504,130,0.25793650793650796,0.3206697106361389,0.6991410520193833
br_only,M7_dynamic_scrambled,variant_type,SNV,454,128,0.28193832599118945,0.3206697106361389,0.6900553788316932
br_only,M2_gnomad_only,clinvar_regional_cohort,brazilian,504,128,0.25396825396825395,0.3206697106361389,0.6956640138985619
br_only,M2_gnomad_only,variant_type,SNV,454,126,0.2775330396475771,0.3206697106361389,0.6870046429303249
br_only,M4_dynamic_gated,clinvar_regional_cohort,brazilian,504,121,0.2400793650793651,0.3206697106361389,0.6936450533657557
br_only,M4_dynamic_gated,variant_type,SNV,454,119,0.2621145374449339,0.3206697106361389,0.68476349729142
br_only,M0,clinvar_regional_cohort,brazilian,504,119,0.2361111111111111,0.3206697106361389,0.643013443472603
br_only,M0,variant_type,SNV,454,118,0.2599118942731278,0.3206697106361389,0.6337937985419702
abraom_common_benign,M4_dynamic_gated,specificity_bin,"(0,0.001]",844,116,0.13744075829383887,0.1609479784965515,0.3441679459153476
abraom_pathogenic_present,M7_dynamic_scrambled,variant_type,SNV,163,112,0.6871165644171779,0.05217956379055977,0.506090584890974
abraom_pathogenic_present,M2_gnomad_only,variant_type,SNV,163,111,0.6809815950920245,0.05217956379055977,0.5036449626179561
abraom_common_benign,M0,clinvar_regional_cohort,non_brazilian,493,108,0.21906693711967545,0.23660466074943542,0.2931412739365628
abraom_pathogenic_present,M4_dynamic_gated,variant_type,SNV,163,107,0.656441717791411,0.05217956379055977,0.5034764040650034
abraom_common_benign,M2_gnomad_only,specificity_bin,"(0,0.001]",844,105,0.12440758293838862,0.1609479784965515,0.34280061245988613
abraom_pathogenic_present,M7_dynamic_scrambled,clinvar_regional_cohort,unknown,148,102,0.6891891891891891,0.043028417974710464,0.506662746136253
abraom_pathogenic_present,M2_gnomad_only,clinvar_regional_cohort,unknown,148,101,0.6824324324324325,0.043028417974710464,0.5042815872946301
abraom_pathogenic_present,M4_dynamic_gated,clinvar_regional_cohort,unknown,148,97,0.6554054054054054,0.043028417974710464,0.5041602033416968
abraom_common_benign,M7_dynamic_scrambled,specificity_bin,"(0,0.001]",844,96,0.11374407582938388,0.1609479784965515,0.34344511563885266
abraom_pathogenic_present,M0,variant_type,SNV,163,95,0.5828220858895705,0.05217956379055977,0.4304607247282391
br_only,M7_dynamic_scrambled,specificity_bin,absent,433,93,0.21478060046189376,,0.7152127200784915
abraom_pathogenic_present,M5_dynamic_gated,specificity_bin,"(0.001,0.005]",97,92,0.9484536082474226,0.027246400713920593,0.3223528608526151
abraom_pathogenic_present,M5_v2_calibrated,variant_type,SNV,163,92,0.5644171779141104,0.05217956379055977,0.3567756836491753
br_only,M2_gnomad_only,specificity_bin,absent,433,92,0.21247113163972287,,0.7114536824870605
abraom_common_benign,M0,GeneSymbol,MUC5B,181,89,0.49171270718232046,0.16038502752780914,0.407984574484891
abraom_pathogenic_present,M0,clinvar_regional_cohort,unknown,148,85,0.5743243243243243,0.043028417974710464,0.4318905256285861
abraom_common_benign,M5_v2_calibrated,specificity_bin,"(0.01,0.05]",5172,85,0.01643464810518175,0.2810513377189636,0.1920849139760914
abraom_pathogenic_present,M5_v2_calibrated,clinvar_regional_cohort,unknown,148,83,0.5608108108108109,0.043028417974710464,0.3577560323445289
br_only,M4_dynamic_gated,specificity_bin,absent,433,82,0.18937644341801385,,0.7095920413422805
abraom_common_benign,M0,specificity_bin,"(0.05,0.1]",473,82,0.1733615221987315,0.4125422239303589,0.2679086671256112
abraom_common_benign,M4_dynamic_gated,clinvar_regional_cohort,non_brazilian,493,76,0.15415821501014199,0.23660466074943542,0.3478059337963681
abraom_common_benign,M2_gnomad_only,clinvar_regional_cohort,non_brazilian,493,72,0.1460446247464503,0.23660466074943542,0.34755309216270097
br_only,M5_v2_calibrated,clinvar_regional_cohort,brazilian,504,71,0.14087301587301587,0.3206697106361389,0.6946707128883804
br_only,M0,specificity_bin,absent,433,70,0.16166281755196305,,0.6611720448828735
br_only,M5_v2_calibrated,variant_type,SNV,454,69,0.15198237885462554,0.3206697106361389,0.6837441615414479
abraom_pathogenic_present,M7_dynamic_scrambled,specificity_bin,"(0.001,0.005]",97,68,0.7010309278350515,0.027246400713920593,0.5057920086936852
abraom_common_benign,M7_dynamic_scrambled,clinvar_regional_cohort,non_brazilian,493,68,0.13793103448275862,0.23660466074943542,0.3487960654206982
abraom_pathogenic_present,M2_gnomad_only,specificity_bin,"(0.001,0.005]",97,66,0.6804123711340206,0.027246400713920593,0.5045501579021671
abraom_pathogenic_present,M4_dynamic_gated,specificity_bin,"(0.001,0.005]",97,66,0.6804123711340206,0.027246400713920593,0.5035831562637054
br_only,M5_dynamic_gated,clinvar_regional_cohort,brazilian,504,60,0.11904761904761904,0.3206697106361389,0.67313755608149
br_only,M5_v2_calibrated,specificity_bin,absent,433,59,0.13625866050808313,,0.7608164929215665
br_only,M5_dynamic_gated,variant_type,SNV,454,59,0.1299559471365639,0.3206697106361389,0.6637678374146575
abraom_pathogenic_present,M0,specificity_bin,"(0.001,0.005]",97,58,0.5979381443298969,0.027246400713920593,0.4344058399347915
br_only,M5_dynamic_gated,specificity_bin,absent,433,54,0.12471131639722864,,0.7455178361222595
abraom_pathogenic_present,M5_v2_calibrated,specificity_bin,"(0.001,0.005]",97,53,0.5463917525773195,0.027246400713920593,0.3683905508535758
abraom_common_benign,M5_v2_calibrated,specificity_bin,"(0,0.001]",844,53,0.06279620853080568,0.1609479784965515,0.23367451753023052
abraom_common_benign,M4_dynamic_gated,GeneSymbol,MUC5B,181,52,0.287292817679558,0.16038502752780914,0.4588827384604934
abraom_common_benign,M0,GeneSymbol,ADGRV1,245,51,0.20816326530612245,0.22892138361930847,0.27534814756743764
abraom_common_benign,M7_dynamic_scrambled,GeneSymbol,MUC5B,181,48,0.26519337016574585,0.16038502752780914,0.46599061630707417
abraom_common_benign,M2_gnomad_only,GeneSymbol,MUC5B,181,45,0.24861878453038674,0.16038502752780914,0.4625976941862159
abraom_common_benign,M4_dynamic_gated,specificity_bin,"(0.05,0.1]",473,42,0.08879492600422834,0.4125422239303589,0.313714216063567
abraom_common_benign,M0,clinvar_regional_cohort,brazilian,53,40,0.7547169811320755,0.41791608929634094,0.5324005746054199
abraom_common_benign,M4_dynamic_gated,GeneSymbol,ADGRV1,245,39,0.15918367346938775,0.22892138361930847,0.3188113072392892
abraom_common_benign,M0,GeneSymbol,VWF,117,37,0.3162393162393162,0.2585415244102478,0.3260033380908844
abraom_common_benign,M7_dynamic_scrambled,specificity_bin,"(0.05,0.1]",473,37,0.07822410147991543,0.4125422239303589,0.3145897908108683
abraom_common_benign,M0,GeneSymbol,LRP2,223,35,0.15695067264573992,0.21080465614795685,0.24935472646368992
abraom_common_benign,M2_gnomad_only,specificity_bin,"(0.05,0.1]",473,35,0.07399577167019028,0.4125422239303589,0.3129491014977086
abraom_common_benign,M2_gnomad_only,GeneSymbol,ADGRV1,245,33,0.1346938775510204,0.22892138361930847,0.3169363157177458
abraom_common_benign,M7_dynamic_scrambled,GeneSymbol,ADGRV1,245,32,0.1306122448979592,0.22892138361930847,0.32073585555261497
abraom_common_benign,M0,GeneSymbol,PTPRQ,117,30,0.2564102564102564,0.21143656969070435,0.300437210016271
abraom_common_benign,M4_dynamic_gated,clinvar_regional_cohort,brazilian,53,29,0.5471698113207547,0.41791608929634094,0.5931942960563695
abraom_common_benign,M0,GeneSymbol,ALMS1,60,29,0.48333333333333334,0.16031184792518616,0.397361043219765
abraom_common_benign,M7_dynamic_scrambled,clinvar_regional_cohort,brazilian,53,27,0.5094339622641509,0.41791608929634094,0.5997950327846239
abraom_common_benign,M2_gnomad_only,clinvar_regional_cohort,brazilian,53,26,0.49056603773584906,0.41791608929634094,0.5966778071421497
abraom_common_benign,M5_dynamic_gated,clinvar_regional_cohort,unknown,11548,26,0.0022514721163837893,0.21248653531074524,0.15229505969996648
abraom_common_benign,M5_dynamic_gated,variant_type,SNV,12099,26,0.0021489379287544423,0.2144612818956375,0.15225249069989719
abraom_pathogenic_present,M5_dynamic_gated,specificity_bin,"(0.005,0.01]",25,25,1.0,0.09609095752239227,0.2900997969508171
abraom_pathogenic_present,M5_dynamic_gated,specificity_bin,"(0,0.001]",26,25,0.9615384615384616,0.007460038177669048,0.32542387625345814
abraom_common_benign,M0,GeneSymbol,COL4A1,191,25,0.13089005235602094,0.24718424677848816,0.25331682618219814
abraom_common_benign,M0,GeneSymbol,FREM2,96,24,0.25,0.23627398908138275,0.30833236818822723
abraom_common_benign,M4_dynamic_gated,GeneSymbol,VWF,117,24,0.20512820512820512,0.2585415244102478,0.3719009986927367
abraom_common_benign,M2_gnomad_only,GeneSymbol,PTPRQ,117,23,0.19658119658119658,0.21143656969070435,0.33881831793194145
abraom_common_benign,M4_dynamic_gated,GeneSymbol,PTPRQ,117,23,0.19658119658119658,0.21143656969070435,0.3401219028438258
abraom_common_benign,M7_dynamic_scrambled,GeneSymbol,PTPRQ,117,23,0.19658119658119658,0.21143656969070435,0.33928642517481095
abraom_common_benign,M0,GeneSymbol,CFH,56,22,0.39285714285714285,0.23948362469673157,0.3734083129093051
abraom_common_benign,M4_dynamic_gated,GeneSymbol,LRP2,223,22,0.09865470852017937,0.21080465614795685,0.2945846052915526
abraom_common_benign,M7_dynamic_scrambled,GeneSymbol,LRP2,223,22,0.09865470852017937,0.21080465614795685,0.29392808779339086
br_only,M0,specificity_bin,"(0.01,0.05]",26,21,0.8076923076923077,0.44308042526245117,0.5339490811412151
abraom_common_benign,M4_dynamic_gated,GeneSymbol,ALMS1,60,21,0.35,0.16031184792518616,0.44518782682716845
abraom_common_benign,M0,GeneSymbol,ANKRD26,97,21,0.21649484536082475,0.15458467602729797,0.2774570439894175
abraom_common_benign,M2_gnomad_only,GeneSymbol,VWF,117,21,0.1794871794871795,0.2585415244102478,0.37310584653646517
abraom_common_benign,M0,GeneSymbol,PCDH15,142,21,0.14788732394366197,0.2645507752895355,0.24300433464453253
abraom_common_benign,M0,GeneSymbol,DYSF,177,21,0.11864406779661017,0.2331354171037674,0.24004536256783426
abraom_common_benign,M2_gnomad_only,GeneSymbol,LRP2,223,21,0.09417040358744394,0.21080465614795685,0.29302723732497127
abraom_common_benign,M2_gnomad_only,GeneSymbol,ALMS1,60,20,0.3333333333333333,0.16031184792518616,0.4517575532197952
abraom_common_benign,M0,GeneSymbol,EYS,91,20,0.21978021978021978,0.22399385273456573,0.29771526673665416
abraom_common_benign,M7_dynamic_scrambled,GeneSymbol,VWF,117,20,0.17094017094017094,0.2585415244102478,0.3742725384286326
abraom_common_benign,M0,GeneSymbol,FANCA,194,20,0.10309278350515463,0.17190533876419067,0.2401243556943751
abraom_pathogenic_present,M2_gnomad_only,specificity_bin,"(0.005,0.01]",25,19,0.76,0.09609095752239227,0.48206513524055483
abraom_common_benign,M7_dynamic_scrambled,GeneSymbol,ALMS1,60,19,0.31666666666666665,0.16031184792518616,0.45567047807077565
abraom_common_benign,M0,GeneSymbol,MYOM1,120,19,0.15833333333333333,0.2495100051164627,0.24317100029438735
abraom_pathogenic_present,M4_dynamic_gated,specificity_bin,"(0.005,0.01]",25,18,0.72,0.09609095752239227,0.4851829254627228
abraom_pathogenic_present,M7_dynamic_scrambled,specificity_bin,"(0.005,0.01]",25,18,0.72,0.09609095752239227,0.48746101260185243
abraom_common_benign,M2_gnomad_only,GeneSymbol,EYS,91,18,0.1978021978021978,0.22399385273456573,0.3541213743961774
abraom_common_benign,M0,GeneSymbol,LAMA3,93,18,0.1935483870967742,0.30235427618026733,0.27283010054980555
abraom_common_benign,M0,GeneSymbol,CLCNKB,122,18,0.14754098360655737,0.3451088070869446,0.23901499783406494
abraom_pathogenic_present,M0,specificity_bin,"(0.005,0.01]",25,17,0.68,0.09609095752239227,0.40244655072689056
abraom_common_benign,M0,GeneSymbol,MAP3K1,44,17,0.38636363636363635,0.31013232469558716,0.3462568148970604
abraom_common_benign,M0,GeneSymbol,DOCK6,76,17,0.2236842105263158,0.24579496681690216,0.2765807833914694
abraom_common_benign,M0,GeneSymbol,MACF1,88,17,0.19318181818181818,0.2080373913049698,0.2609377364543351
abraom_common_benign,M4_dynamic_gated,GeneSymbol,EYS,91,17,0.18681318681318682,0.22399385273456573,0.35190578214414825
abraom_common_benign,M7_dynamic_scrambled,GeneSymbol,EYS,91,17,0.18681318681318682,0.22399385273456573,0.357661064182009
abraom_common_benign,M0,GeneSymbol,COL12A1,112,17,0.15178571428571427,0.20407946407794952,0.23666337272152305
abraom_common_benign,M0,GeneSymbol,DNAH7,19,16,0.8421052631578947,0.20909041166305542,0.5175443526945616
abraom_pathogenic_present,M2_gnomad_only,specificity_bin,"(0,0.001]",26,16,0.6153846153846154,0.007460038177669048,0.51962288411764
abraom_pathogenic_present,M7_dynamic_scrambled,specificity_bin,"(0,0.001]",26,16,0.6153846153846154,0.007460038177669048,0.5257375475305778
abraom_common_benign,M0,GeneSymbol,COL9A3,90,16,0.17777777777777778,0.15314500033855438,0.28791217911574574
abraom_common_benign,M4_dynamic_gated,GeneSymbol,LAMA3,93,16,0.17204301075268819,0.30235427618026733,0.3268449779159279
abraom_common_benign,M4_dynamic_gated,GeneSymbol,ANKRD26,97,16,0.16494845360824742,0.15458467602729797,0.3297874299214058
abraom_common_benign,M0,GeneSymbol,MAPT,71,15,0.2112676056338028,0.20096755027770996,0.2894530949038519
abraom_common_benign,M4_dynamic_gated,GeneSymbol,MACF1,88,15,0.17045454545454544,0.2080373913049698,0.32472796619615774
abraom_common_benign,M2_gnomad_only,GeneSymbol,LAMA3,93,15,0.16129032258064516,0.30235427618026733,0.32671120698733996
abraom_common_benign,M4_dynamic_gated,GeneSymbol,COL12A1,112,15,0.13392857142857142,0.20407946407794952,0.27619253331795335
abraom_common_benign,M4_dynamic_gated,GeneSymbol,CLCNKB,122,15,0.12295081967213115,0.3451088070869446,0.2782392214800491
abraom_common_benign,M7_dynamic_scrambled,GeneSymbol,CLCNKB,122,15,0.12295081967213115,0.3451088070869446,0.2804037863846685
abraom_common_benign,M5_v2_calibrated,clinvar_regional_cohort,non_brazilian,493,15,0.030425963488843813,0.23660466074943542,0.20813252431229967
abraom_pathogenic_present,M5_dynamic_gated,GeneSymbol,FKTN,14,14,1.0,0.011132785119116306,0.25744494263614925
abraom_pathogenic_present,M5_v2_calibrated,specificity_bin,"(0.005,0.01]",25,14,0.56,0.09609095752239227,0.34719021738855926
abraom_pathogenic_present,M4_dynamic_gated,specificity_bin,"(0,0.001]",26,14,0.5384615384615384,0.007460038177669048,0.5188148789680921
br_only,M2_gnomad_only,specificity_bin,"(0.01,0.05]",26,14,0.5384615384615384,0.44308042526245117,0.6079979091882706
br_only,M4_dynamic_gated,specificity_bin,"(0.01,0.05]",26,14,0.5384615384615384,0.44308042526245117,0.6034875580897698
br_only,M7_dynamic_scrambled,specificity_bin,"(0.01,0.05]",26,14,0.5384615384615384,0.44308042526245117,0.6116223484277725
abraom_common_benign,M0,GeneSymbol,UGT1A,33,14,0.42424242424242425,0.23715803027153015,0.38060708118207526
abraom_common_benign,M4_dynamic_gated,GeneSymbol,CFH,56,14,0.25,0.23948362469673157,0.4036844726651907
abraom_common_benign,M7_dynamic_scrambled,GeneSymbol,LAMA3,93,14,0.15053763440860216,0.30235427618026733,0.32862283641933115
abraom_common_benign,M4_dynamic_gated,GeneSymbol,FREM2,96,14,0.14583333333333334,0.23627398908138275,0.3600906093294422
abraom_common_benign,M2_gnomad_only,GeneSymbol,ANKRD26,97,14,0.14432989690721648,0.15458467602729797,0.33188995887938233
abraom_common_benign,M7_dynamic_scrambled,GeneSymbol,ANKRD26,97,14,0.14432989690721648,0.15458467602729797,0.3307021171161809
abraom_common_benign,M0,GeneSymbol,INSR,102,14,0.13725490196078433,0.22608543932437897,0.24662520027920312
abraom_common_benign,M2_gnomad_only,GeneSymbol,COL12A1,112,14,0.125,0.20407946407794952,0.2758469766538058
abraom_common_benign,M7_dynamic_scrambled,GeneSymbol,COL12A1,112,14,0.125,0.20407946407794952,0.27684313118723886
abraom_common_benign,M2_gnomad_only,GeneSymbol,CLCNKB,122,14,0.11475409836065574,0.3451088070869446,0.27989826229263526
abraom_common_benign,M4_dynamic_gated,GeneSymbol,COL4A1,191,14,0.07329842931937172,0.24718424677848816,0.29214771747277046
abraom_pathogenic_present,M2_gnomad_only,GeneSymbol,FKTN,14,13,0.9285714285714286,0.011132785119116306,0.38089026510715485
abraom_pathogenic_present,M4_dynamic_gated,GeneSymbol,FKTN,14,13,0.9285714285714286,0.011132785119116306,0.386895803468568
abraom_pathogenic_present,M7_dynamic_scrambled,GeneSymbol,FKTN,14,13,0.9285714285714286,0.011132785119116306,0.3932668162243707
abraom_common_benign,M0,GeneSymbol,PCDHB@,21,13,0.6190476190476191,0.23043450713157654,0.5079703345185235
abraom_pathogenic_present,M0,specificity_bin,"(0,0.001]",26,13,0.5,0.007460038177669048,0.44684791335692775
abraom_common_benign,M0,GeneSymbol,IDUA,50,13,0.26,0.18753787875175476,0.32858708396553993
abraom_common_benign,M0,GeneSymbol,DRC1,54,13,0.24074074074074073,0.16999921202659607,0.2763990148625992
abraom_common_benign,M0,GeneSymbol,ADAMTSL3,73,13,0.1780821917808219,0.24390068650245667,0.26377615679616795
abraom_common_benign,M0,GeneSymbol,PIGN,75,13,0.17333333333333334,0.23150570690631866,0.2651894627014796
abraom_common_benign,M2_gnomad_only,GeneSymbol,ABCD4,76,13,0.17105263157894737,0.11982375383377075,0.32827280628445904
abraom_common_benign,M4_dynamic_gated,GeneSymbol,ABCD4,76,13,0.17105263157894737,0.11982375383377075,0.3289997729619867
abraom_common_benign,M2_gnomad_only,GeneSymbol,MACF1,88,13,0.14772727272727273,0.2080373913049698,0.3233663346618414
abraom_common_benign,M4_dynamic_gated,GeneSymbol,MYOM1,120,13,0.10833333333333334,0.2495100051164627,0.29906404552360377
abraom_common_benign,M2_gnomad_only,GeneSymbol,COL4A1,191,13,0.06806282722513089,0.24718424677848816,0.2916907423141739
abraom_pathogenic_present,M5_dynamic_gated,specificity_bin,"(0.01,0.05]",12,12,1.0,0.18368510901927948,0.18179633530477682
abraom_pathogenic_present,M5_v2_calibrated,specificity_bin,"(0.01,0.05]",12,12,1.0,0.18368510901927948,0.23180230144035133
abraom_pathogenic_present,M0,GeneSymbol,FKTN,14,12,0.8571428571428571,0.011132785119116306,0.33625178997005734
abraom_pathogenic_present,M5_v2_calibrated,GeneSymbol,FKTN,14,12,0.8571428571428571,0.011132785119116306,0.30687762824734827
abraom_common_benign,M2_gnomad_only,GeneSymbol,DNAH7,19,12,0.631578947368421,0.20909041166305542,0.592809437136901
abraom_common_benign,M4_dynamic_gated,GeneSymbol,DNAH7,19,12,0.631578947368421,0.20909041166305542,0.5877828221572073
abraom_common_benign,M0,GeneSymbol,SI,22,12,0.5454545454545454,0.24963130056858063,0.4566326229409738
abraom_common_benign,M0,GeneSymbol,HR,39,12,0.3076923076923077,0.1857953816652298,0.3366152693827947
abraom_common_benign,M0,GeneSymbol,SZT2,48,12,0.25,0.17804138362407684,0.31490539588655037
abraom_common_benign,M2_gnomad_only,GeneSymbol,CFH,56,12,0.21428571428571427,0.23948362469673157,0.4028297010809183
abraom_common_benign,M7_dynamic_scrambled,GeneSymbol,CFH,56,12,0.21428571428571427,0.23948362469673157,0.40266629680991173
abraom_common_benign,M0,specificity_bin,"(0.1,0.5]",68,12,0.17647058823529413,0.3216346204280853,0.27920357444707083
abraom_common_benign,M0,GeneSymbol,ABCD4,76,12,0.15789473684210525,0.11982375383377075,0.26491539190082175
abraom_common_benign,M7_dynamic_scrambled,GeneSymbol,ABCD4,76,12,0.15789473684210525,0.11982375383377075,0.32922375025717837
abraom_common_benign,M0,GeneSymbol,CPLANE1,79,12,0.1518987341772152,0.07903159409761429,0.23891235652226436
abraom_common_benign,M7_dynamic_scrambled,GeneSymbol,MACF1,88,12,0.13636363636363635,0.2080373913049698,0.32310386560857296
abraom_common_benign,M2_gnomad_only,GeneSymbol,FREM2,96,12,0.125,0.23627398908138275,0.357728119706735
abraom_common_benign,M7_dynamic_scrambled,GeneSymbol,FREM2,96,12,0.125,0.23627398908138275,0.35913559251154464
abraom_common_benign,M2_gnomad_only,GeneSymbol,MYOM1,120,12,0.1,0.2495100051164627,0.2976619826008876
abraom_common_benign,M4_dynamic_gated,GeneSymbol,DYSF,177,12,0.06779661016949153,0.2331354171037674,0.2716965154234299
abraom_common_benign,M5_v2_calibrated,GeneSymbol,MUC5B,181,12,0.06629834254143646,0.16038502752780914,0.2407771396407518
abraom_common_benign,M7_dynamic_scrambled,GeneSymbol,COL4A1,191,12,0.06282722513089005,0.24718424677848816,0.29171264074079656
abraom_pathogenic_present,M5_v2_calibrated,specificity_bin,"(0,0.001]",26,11,0.4230769230769231,0.007460038177669048,0.37324979772139544
abraom_common_benign,M2_gnomad_only,GeneSymbol,UGT1A,33,11,0.3333333333333333,0.23715803027153015,0.4624265269799666
abraom_common_benign,M4_dynamic_gated,GeneSymbol,UGT1A,33,11,0.3333333333333333,0.23715803027153015,0.4555807434248202
abraom_common_benign,M0,GeneSymbol,DSG2,40,11,0.275,0.17192891240119934,0.3198823260143399
abraom_common_benign,M0,GeneSymbol,TBC1D4,40,11,0.275,0.4602690637111664,0.31263698618859054
abraom_common_benign,M0,GeneSymbol,IGHMBP2,53,11,0.20754716981132076,0.22791291773319244,0.2653899315112042
abraom_common_benign,M0,GeneSymbol,PDHX,53,11,0.20754716981132076,0.2881312072277069,0.30073258168292494
abraom_common_benign,M0,GeneSymbol,SPTB,60,11,0.18333333333333332,0.23834525048732758,0.298903468127052
abraom_common_benign,M2_gnomad_only,GeneSymbol,PIGN,75,11,0.14666666666666667,0.23150570690631866,0.30630251904328665
abraom_common_benign,M4_dynamic_gated,GeneSymbol,PIGN,75,11,0.14666666666666667,0.23150570690631866,0.3053393449385961
abraom_common_benign,M4_dynamic_gated,GeneSymbol,DOCK6,76,11,0.14473684210526316,0.24579496681690216,0.32259777041250154
abraom_common_benign,M4_dynamic_gated,GeneSymbol,INSR,102,11,0.10784313725490197,0.22608543932437897,0.28831420196037666
abraom_common_benign,M7_dynamic_scrambled,GeneSymbol,MYOM1,120,11,0.09166666666666666,0.2495100051164627,0.29696888426939644
abraom_common_benign,M2_gnomad_only,GeneSymbol,PCDH15,142,11,0.07746478873239436,0.2645507752895355,0.27466842206850856
abraom_common_benign,M4_dynamic_gated,GeneSymbol,PCDH15,142,11,0.07746478873239436,0.2645507752895355,0.27521484156309717
abraom_common_benign,M2_gnomad_only,GeneSymbol,DYSF,177,11,0.062146892655367235,0.2331354171037674,0.271198550607525
abraom_common_benign,M7_dynamic_scrambled,GeneSymbol,DYSF,177,11,0.062146892655367235,0.2331354171037674,0.26939848216913515
abraom_common_benign,M7_dynamic_scrambled,GeneSymbol,UGT1A,33,10,0.30303030303030304,0.23715803027153015,0.46446976923581323
abraom_common_benign,M0,GeneSymbol,VPS13D,38,10,0.2631578947368421,0.06755424290895462,0.31893553408352954
abraom_common_benign,M4_dynamic_gated,GeneSymbol,HR,39,10,0.2564102564102564,0.1857953816652298,0.42307268732633346
abraom_common_benign,M2_gnomad_only,GeneSymbol,IDUA,50,10,0.2,0.18753787875175476,0.3972545710206032
abraom_common_benign,M4_dynamic_gated,GeneSymbol,IDUA,50,10,0.2,0.18753787875175476,0.3933028337359428
abraom_common_benign,M0,GeneSymbol,PAH,52,10,0.19230769230769232,0.24586154520511627,0.2727945363865449
abraom_common_benign,M4_dynamic_gated,GeneSymbol,DRC1,54,10,0.18518518518518517,0.16999921202659607,0.3176171111839789
abraom_common_benign,M0,GeneSymbol,ADAMTS9,74,10,0.13513513513513514,0.25585755705833435,0.23009124478778323
abraom_common_benign,M7_dynamic_scrambled,GeneSymbol,PIGN,75,10,0.13333333333333333,0.23150570690631866,0.3069140083591143
abraom_common_benign,M2_gnomad_only,GeneSymbol,COL9A3,90,10,0.1111111111111111,0.15314500033855438,0.3288806531164381
abraom_common_benign,M4_dynamic_gated,GeneSymbol,COL9A3,90,10,0.1111111111111111,0.15314500033855438,0.3256951141688559
abraom_common_benign,M7_dynamic_scrambled,GeneSymbol,COL9A3,90,10,0.1111111111111111,0.15314500033855438,0.32514792415830823
abraom_common_benign,M7_dynamic_scrambled,GeneSymbol,PCDH15,142,10,0.07042253521126761,0.2645507752895355,0.2764824172350722
abraom_common_benign,M0,GeneSymbol,JMJD1C,11,9,0.8181818181818182,0.25619110465049744,0.5576067946173928
abraom_common_benign,M4_dynamic_gated,GeneSymbol,JMJD1C,11,9,0.8181818181818182,0.25619110465049744,0.6113045405257832
br_only,M0,specificity_bin,"(0.001,0.005]",18,9,0.5,0.10867312550544739,0.5048324854837524
br_only,M4_dynamic_gated,specificity_bin,"(0.001,0.005]",18,9,0.5,0.10867312550544739,0.5650436878204346
abraom_common_benign,M7_dynamic_scrambled,GeneSymbol,DNAH7,19,9,0.47368421052631576,0.20909041166305542,0.5985022971504613
abraom_common_benign,M0,GeneSymbol,CHSY1,25,9,0.36,0.15891844034194946,0.36844708532094955
abraom_common_benign,M0,GeneSymbol,PCSK9,28,9,0.32142857142857145,0.35296204686164856,0.34023523942700457
abraom_common_benign,M2_gnomad_only,GeneSymbol,VPS13D,38,9,0.23684210526315788,0.06755424290895462,0.3869977664006384
abraom_common_benign,M4_dynamic_gated,GeneSymbol,VPS13D,38,9,0.23684210526315788,0.06755424290895462,0.3891409404183689
abraom_common_benign,M7_dynamic_scrambled,GeneSymbol,VPS13D,38,9,0.23684210526315788,0.06755424290895462,0.3843779312936883
abraom_common_benign,M0,GeneSymbol,GARS1,47,9,0.19148936170212766,0.16704213619232178,0.2826128231084093
abraom_common_benign,M4_dynamic_gated,GeneSymbol,SZT2,48,9,0.1875,0.17804138362407684,0.3808408783127864
abraom_common_benign,M7_dynamic_scrambled,GeneSymbol,DRC1,54,9,0.16666666666666666,0.16999921202659607,0.3198279611490391
abraom_common_benign,M0,GeneSymbol,PLOD1,58,9,0.15517241379310345,0.1531657874584198,0.24710960056761216
abraom_common_benign,M4_dynamic_gated,GeneSymbol,HPS5,64,9,0.140625,0.1879740059375763,0.3303911810507998
abraom_common_benign,M4_dynamic_gated,specificity_bin,"(0.1,0.5]",68,9,0.1323529411764706,0.3216346204280853,0.3259607120690977
abraom_common_benign,M2_gnomad_only,GeneSymbol,ADAMTSL3,73,9,0.1232876712328767,0.24390068650245667,0.3126558353231378
abraom_common_benign,M4_dynamic_gated,GeneSymbol,ADAMTSL3,73,9,0.1232876712328767,0.24390068650245667,0.3118347799124783
abraom_common_benign,M7_dynamic_scrambled,GeneSymbol,ADAMTSL3,73,9,0.1232876712328767,0.24390068650245667,0.3147624247286418
abraom_common_benign,M0,GeneSymbol,BIN1,74,9,0.12162162162162163,0.1667533665895462,0.2542843077633832
abraom_common_benign,M0,GeneSymbol,CACNA2D1,75,9,0.12,0.15904265642166138,0.23550732870896657
abraom_common_benign,M0,GeneSymbol,FAM20C,80,9,0.1125,0.17457696795463562,0.25243746787309645
abraom_common_benign,M0,GeneSymbol,MYBPC1,91,9,0.0989010989010989,0.2452898919582367,0.2271408423945144
abraom_common_benign,M2_gnomad_only,GeneSymbol,INSR,102,9,0.08823529411764706,0.22608543932437897,0.2887141952912013
abraom_pathogenic_present,M0,GeneSymbol,PCSK9,8,8,1.0,0.21643024682998657,0.2995895557105541
abraom_pathogenic_present,M2_gnomad_only,GeneSymbol,PCSK9,8,8,1.0,0.21643024682998657,0.414775837212801
abraom_pathogenic_present,M4_dynamic_gated,GeneSymbol,PCSK9,8,8,1.0,0.21643024682998657,0.40796323493123055
abraom_pathogenic_present,M5_dynamic_gated,GeneSymbol,PCSK9,8,8,1.0,0.21643024682998657,0.21306665614247322
abraom_pathogenic_present,M7_dynamic_scrambled,GeneSymbol,PCSK9,8,8,1.0,0.21643024682998657,0.4081987924873829
abraom_pathogenic_present,M5_v2_calibrated,GeneSymbol,PCSK9,8,8,1.0,0.21643024682998657,0.2674554816233753
br_only,M0,specificity_bin,"(0,0.001]",10,8,0.8,0.46632999181747437,0.5830940335988999
br_only,M2_gnomad_only,GeneSymbol,ADGRV1,10,8,0.8,0.21562767028808594,0.7126243948936463
br_only,M4_dynamic_gated,GeneSymbol,ADGRV1,10,8,0.8,0.21562767028808594,0.706937974691391
br_only,M7_dynamic_scrambled,GeneSymbol,ADGRV1,10,8,0.8,0.21562767028808594,0.7150393605232239
abraom_common_benign,M2_gnomad_only,GeneSymbol,JMJD1C,11,8,0.7272727272727273,0.25619110465049744,0.6187452944842252
br_only,M0,specificity_bin,"(0.005,0.01]",11,8,0.7272727272727273,0.23309044539928436,0.5504961284724149
abraom_pathogenic_present,M2_gnomad_only,specificity_bin,"(0.01,0.05]",12,8,0.6666666666666666,0.18368510901927948,0.484269501020511
abraom_pathogenic_present,M4_dynamic_gated,specificity_bin,"(0.01,0.05]",12,8,0.6666666666666666,0.18368510901927948,0.48501716429988545
abraom_pathogenic_present,M7_dynamic_scrambled,specificity_bin,"(0.01,0.05]",12,8,0.6666666666666666,0.18368510901927948,0.4834124594926834
abraom_common_benign,M0,GeneSymbol,KRT6B,14,8,0.5714285714285714,0.2091008722782135,0.46775000223091673
br_only,M2_gnomad_only,specificity_bin,"(0.001,0.005]",18,8,0.4444444444444444,0.10867312550544739,0.5637961228688558
br_only,M7_dynamic_scrambled,specificity_bin,"(0.001,0.005]",18,8,0.4444444444444444,0.10867312550544739,0.5658589452505112
abraom_common_benign,M0,GeneSymbol,PMS1,19,8,0.42105263157894735,0.049395523965358734,0.41636306792497635
abraom_common_benign,M4_dynamic_gated,GeneSymbol,PCDHB@,21,8,0.38095238095238093,0.23043450713157654,0.5516148039272853
abraom_common_benign,M2_gnomad_only,GeneSymbol,SI,22,8,0.36363636363636365,0.24963130056858063,0.5227647924965079
abraom_common_benign,M4_dynamic_gated,GeneSymbol,SI,22,8,0.36363636363636365,0.24963130056858063,0.5220549607818777
abraom_common_benign,M4_dynamic_gated,GeneSymbol,PCSK9,28,8,0.2857142857142857,0.35296204686164856,0.3808384457869189
abraom_common_benign,M0,GeneSymbol,NBEAL2,32,8,0.25,0.3390905559062958,0.30818039341829717
abraom_common_benign,M0,GeneSymbol,ST14,33,8,0.24242424242424243,0.45164158940315247,0.3024551139184923
abraom_common_benign,M2_gnomad_only,GeneSymbol,HR,39,8,0.20512820512820512,0.1857953816652298,0.42541062908294874
abraom_common_benign,M4_dynamic_gated,GeneSymbol,TBC1D4,40,8,0.2,0.4602690637111664,0.350350172445178
abraom_common_benign,M0,GeneSymbol,TMC1,41,8,0.1951219512195122,0.15638521313667297,0.266091706549249
abraom_common_benign,M0,GeneSymbol,VLDLR,42,8,0.19047619047619047,0.17877613008022308,0.30738057373535066
abraom_common_benign,M0,GeneSymbol,ADAMTS10,44,8,0.18181818181818182,0.12404150515794754,0.262550623240796
abraom_common_benign,M0,GeneSymbol,FECH,47,8,0.1702127659574468,0.23650015890598297,0.2678172082660046
abraom_common_benign,M4_dynamic_gated,GeneSymbol,GARS1,47,8,0.1702127659574468,0.16704213619232178,0.3307131638235234
abraom_common_benign,M2_gnomad_only,GeneSymbol,SZT2,48,8,0.16666666666666666,0.17804138362407684,0.3783902603512009
abraom_common_benign,M7_dynamic_scrambled,GeneSymbol,SZT2,48,8,0.16666666666666666,0.17804138362407684,0.3806014054765304
abraom_common_benign,M7_dynamic_scrambled,GeneSymbol,IDUA,50,8,0.16,0.18753787875175476,0.3938990993797779
abraom_common_benign,M2_gnomad_only,GeneSymbol,DRC1,54,8,0.14814814814814814,0.16999921202659607,0.31718071218993926
abraom_common_benign,M0,GeneSymbol,ITGA7,59,8,0.13559322033898305,0.18021908402442932,0.2594941026073391
abraom_common_benign,M4_dynamic_gated,GeneSymbol,ITGA7,59,8,0.13559322033898305,0.18021908402442932,0.31493742915533357
abraom_common_benign,M4_dynamic_gated,GeneSymbol,SPTB,60,8,0.13333333333333333,0.23834525048732758,0.3555157195776701
abraom_common_benign,M0,GeneSymbol,HPS5,64,8,0.125,0.1879740059375763,0.27270361478440464
abraom_common_benign,M0,GeneSymbol,NPHP4,64,8,0.125,0.2339024543762207,0.24390207743272185
abraom_common_benign,M2_gnomad_only,GeneSymbol,HPS5,64,8,0.125,0.1879740059375763,0.3297385056503117
abraom_common_benign,M7_dynamic_scrambled,GeneSymbol,HPS5,64,8,0.125,0.1879740059375763,0.3336146678775549
abraom_common_benign,M2_gnomad_only,specificity_bin,"(0.1,0.5]",68,8,0.11764705882352941,0.3216346204280853,0.3241710336331059
abraom_common_benign,M7_dynamic_scrambled,specificity_bin,"(0.1,0.5]",68,8,0.11764705882352941,0.3216346204280853,0.3239143478738911
abraom_common_benign,M4_dynamic_gated,GeneSymbol,MAPT,71,8,0.11267605633802817,0.20096755027770996,0.35584571034135953
abraom_common_benign,M7_dynamic_scrambled,GeneSymbol,MAPT,71,8,0.11267605633802817,0.20096755027770996,0.3585022226185866
abraom_common_benign,M4_dynamic_gated,GeneSymbol,BIN1,74,8,0.10810810810810811,0.1667533665895462,0.3006068425806793
abraom_common_benign,M0,GeneSymbol,PDE4D,76,8,0.10526315789473684,0.29570457339286804,0.24791968535435827
abraom_common_benign,M2_gnomad_only,GeneSymbol,DOCK6,76,8,0.10526315789473684,0.24579496681690216,0.32422147279507235
abraom_common_benign,M7_dynamic_scrambled,GeneSymbol,DOCK6,76,8,0.10526315789473684,0.24579496681690216,0.32486083593807724
