assay_type,distance_bin_start_bp,distance_bin_end_bp,distance_bin_center_bp,effect_mean,effect_relative_to_bin0,count
ATAC-seq,0,127,63,0.03746037648342365,1.0,519575
ATAC-seq,128,255,191,0.01740329208793683,0.46457867543423775,516118
ATAC-seq,256,383,319,0.013157427512117926,0.35123585898663173,510952
ATAC-seq,384,511,447,0.011596398921595858,0.3095643987114573,505775
ATAC-seq,512,639,575,0.010312146328445241,0.2752814385890756,499570
ATAC-seq,640,767,703,0.009118081802645644,0.24340603748818243,493941
ATAC-seq,768,895,831,0.008214080366727449,0.21927383378974338,488933
ATAC-seq,896,1023,959,0.007416035793617047,0.19797013510792313,483174
ATAC-seq,1024,1151,1087,0.0067761950359212205,0.18088966721729854,477461
ATAC-seq,1152,1279,1215,0.00637601391805141,0.17020688302139245,472368
ATAC-seq,1280,1407,1343,0.006002712900627884,0.16024165969832432,467236
ATAC-seq,1408,1535,1471,0.005773669272750022,0.15412736909638083,461607
ATAC-seq,1536,1663,1599,0.005615330188569421,0.14990052732262915,455530
ATAC-seq,1664,1791,1727,0.005502694193959717,0.14689372372951667,449676
ATAC-seq,1792,1919,1855,0.005292256212232248,0.14127610849223818,444654
ATAC-seq,1920,2047,1983,0.005131162003472792,0.13697571901722208,438682
ATAC-seq,2048,2175,2111,0.004871929769898954,0.13005554741434058,432720
ATAC-seq,2176,2303,2239,0.004649521483214949,0.1241183864041617,426108
ATAC-seq,2304,2431,2367,0.004363483646145944,0.1164826426151056,420773
ATAC-seq,2432,2559,2495,0.004201593368965939,0.11216100219454973,415620
ATAC-seq,2560,2687,2623,0.004038551091994222,0.1078086092856353,409885
ATAC-seq,2688,2815,2751,0.003987219925534277,0.10643833030612054,405878
ATAC-seq,2816,2943,2879,0.003902237495466439,0.1041697351117972,400640
ATAC-seq,2944,3071,3007,0.0038100621909991426,0.10170912704748465,394946
ATAC-seq,3072,3199,3135,0.0037089322278572243,0.09900947550536338,388856
ATAC-seq,3200,3327,3263,0.003651176657294578,0.09746769787298418,383481
ATAC-seq,3328,3455,3391,0.0036501037743437827,0.09743905739866139,377966
ATAC-seq,3456,3583,3519,0.0036054641205366905,0.0962474075008862,372827
ATAC-seq,3584,3711,3647,0.003549752618018915,0.0947601960057634,368259
ATAC-seq,3712,3839,3775,0.00352497709672674,0.09409881660656973,362993
ATAC-seq,3840,3967,3903,0.00340194907308638,0.09081459911626233,358076
ATAC-seq,3968,4095,4031,0.00340275276405164,0.09083605354466659,352458
ATAC-seq,4096,4223,4159,0.0033655929045616987,0.08984407580770004,345678
ATAC-seq,4224,4351,4287,0.003331956722882415,0.08894616220306321,340674
ATAC-seq,4352,4479,4415,0.0033274200661227377,0.0888250567261419,336147
ATAC-seq,4480,4607,4543,0.0033351149748049014,0.08903047133764663,332010
ATAC-seq,4608,4735,4671,0.0031833586072146343,0.08497935434854163,325343
ATAC-seq,4736,4863,4799,0.0030797614690727788,0.08221384188265124,318674
ATAC-seq,4864,4991,4927,0.0029760947111307765,0.07944647092502417,313639
ATAC-seq,4992,5119,5055,0.0028338942026958896,0.07565044638432553,307113
ATAC-seq,5120,5247,5183,0.0027054114086019565,0.07222061448846118,301904
ATAC-seq,5248,5375,5311,0.002720393667044655,0.07262056397773894,296048
ATAC-seq,5376,5503,5439,0.0027132959757979486,0.0724310920099426,291628
ATAC-seq,5504,5631,5567,0.002612035373123459,0.0697279530620653,286568
ATAC-seq,5632,5759,5695,0.002544613907604064,0.06792814558951549,281538
ATAC-seq,5760,5887,5823,0.0024242031205245177,0.06471379489731599,277044
ATAC-seq,5888,6015,5951,0.0023332007229342673,0.06228449743335379,271618
ATAC-seq,6016,6143,6079,0.002298723421668601,0.06136413024801804,265894
ATAC-seq,6144,6271,6207,0.002261478307261784,0.0603698766418564,258447
ATAC-seq,6272,6399,6335,0.002256773814105509,0.06024429079361066,252711
ATAC-seq,6400,6527,6463,0.0022600053199967394,0.060330555433600615,247287
ATAC-seq,6528,6655,6591,0.0022317484000861985,0.05957624053975419,242781
ATAC-seq,6656,6783,6719,0.002267858383904794,0.06054019197880537,237763
ATAC-seq,6784,6911,6847,0.0022079864169935186,0.05894191741427266,232697
ATAC-seq,6912,7039,6975,0.0021369749935772854,0.05704627647089731,228275
ATAC-seq,7040,7167,7103,0.0022286330824546467,0.05949307753062291,222429
ATAC-seq,7168,7295,7231,0.00211764805162527,0.056530346206273084,217224
ATAC-seq,7296,7423,7359,0.0020556658863512163,0.05487574016403321,210693
ATAC-seq,7424,7551,7487,0.002085339964588618,0.05566788591971008,205660
ATAC-seq,7552,7679,7615,0.0020619893925334204,0.05504454535970449,199000
ATAC-seq,7680,7807,7743,0.0020061360998517687,0.05355354879413694,192318
ATAC-seq,7808,7935,7871,0.001988986295074795,0.053095736930324995,188174
ATAC-seq,7936,8063,7999,0.0019857321902921393,0.05300886901579414,183650
ATAC-seq,8064,8191,8127,0.0019060421455761468,0.05088155337732863,178654
ATAC-seq,8192,8319,8255,0.0019261956042621203,0.05141954740135803,171888
ATAC-seq,8320,8447,8383,0.001960204242112957,0.05232740367626455,166247
ATAC-seq,8448,8575,8511,0.0019574665087279744,0.05225432023071525,161337
ATAC-seq,8576,8703,8639,0.0019199760705642982,0.05125351773797293,156068
ATAC-seq,8704,8831,8767,0.001973496152004958,0.0526822295253289,151489
ATAC-seq,8832,8959,8895,0.0020229607211131343,0.05400267992523518,146372
ATAC-seq,8960,9087,9023,0.001996996933945207,0.053309579919168334,140847
ATAC-seq,9088,9215,9151,0.0019711718635705548,0.05262018294030775,135475
ATAC-seq,9216,9343,9279,0.001985342693013638,0.05299847143533539,129395
ATAC-seq,9344,9471,9407,0.001888392604993794,0.05041040112956191,123691
ATAC-seq,9472,9599,9535,0.0018560739142808036,0.049547657779203655,118440
ATAC-seq,9600,9727,9663,0.001793306097625948,0.04787207887297909,114443
ATAC-seq,9728,9855,9791,0.0017687703670529293,0.047217100656626244,108712
ATAC-seq,9856,9983,9919,0.0017542201089979887,0.04682868336291914,103557
ATAC-seq,9984,10111,10047,0.0017552560101965942,0.046856336614056755,98226
ATAC-seq,10112,10239,10175,0.001723280305197354,0.04600274922383419,91617
ATAC-seq,10240,10367,10303,0.0017469807450460628,0.046635429460222,85650
ATAC-seq,10368,10495,10431,0.0018062797317395104,0.04821840839049751,79679
ATAC-seq,10496,10623,10559,0.001793922404843582,0.04788853111600197,74651
ATAC-seq,10624,10751,10687,0.0017993653246108233,0.04803382916899003,68810
ATAC-seq,10752,10879,10815,0.0019212242314970399,0.051286837235797356,62726
ATAC-seq,10880,11007,10943,0.001912485527065679,0.051053558629128054,57092
ATAC-seq,11008,11135,11071,0.0017444525251438469,0.04656793895052745,51962
ATAC-seq,11136,11263,11199,0.0016639617334263718,0.04441924747239742,46864
ATAC-seq,11264,11391,11327,0.0016752426193258887,0.04472038929099363,41162
ATAC-seq,11392,11519,11455,0.001803488100405315,0.04814388614602858,35396
ATAC-seq,11520,11647,11583,0.0018504517747974752,0.0493975754786209,30392
ATAC-seq,11648,11775,11711,0.0017415098609155197,0.04648938490210166,24768
ATAC-seq,11776,11903,11839,0.0015733394918459483,0.042000098224911235,18552
ATAC-seq,11904,12031,11967,0.0016457956353773304,0.04393430578856037,13378
ATAC-seq,12032,12159,12095,0.0020999061268605888,0.05605672777447404,8209
ATAC-seq,12160,12287,12223,0.0022696115813536223,0.060586993362384746,2708
Histone ChIP-seq,0,127,63,0.023916815109688974,1.0,519575
Histone ChIP-seq,128,255,191,0.016396281396367292,0.6855545490137176,516118
Histone ChIP-seq,256,383,319,0.013580918221592918,0.5678397461914205,510952
Histone ChIP-seq,384,511,447,0.011782462865193024,0.4926434732699762,505775
Histone ChIP-seq,512,639,575,0.010551675863474233,0.44118231524897433,499570
Histone ChIP-seq,640,767,703,0.009535997535986052,0.39871519231349956,493941
Histone ChIP-seq,768,895,831,0.008872738739905,0.3709832893389953,488933
Histone ChIP-seq,896,1023,959,0.008195872530262351,0.34268243880608124,483174
Histone ChIP-seq,1024,1151,1087,0.007691190007885097,0.3215808615240458,477461
Histone ChIP-seq,1152,1279,1215,0.007246748780253084,0.3029980683890199,472368
Histone ChIP-seq,1280,1407,1343,0.006848024655282533,0.28632677987748967,467236
Histone ChIP-seq,1408,1535,1471,0.006648035890947165,0.2779649322226842,461607
Histone ChIP-seq,1536,1663,1599,0.006387747817347124,0.26708187474173245,455530
Histone ChIP-seq,1664,1791,1727,0.006116030866807731,0.25572095777627424,449676
Histone ChIP-seq,1792,1919,1855,0.005920584607457476,0.24754903946466433,444654
Histone ChIP-seq,1920,2047,1983,0.005704807195028465,0.23852704337365482,438682
Histone ChIP-seq,2048,2175,2111,0.005369177103340646,0.2244938165351929,432720
Histone ChIP-seq,2176,2303,2239,0.005058703093067388,0.211512405387875,426108
Histone ChIP-seq,2304,2431,2367,0.004817099448440849,0.20141057353783642,420773
Histone ChIP-seq,2432,2559,2495,0.004639897972001523,0.1940014985574667,415620
Histone ChIP-seq,2560,2687,2623,0.00445307176409974,0.18618999827848107,409885
Histone ChIP-seq,2688,2815,2751,0.004223259414203321,0.17658117917600286,405878
Histone ChIP-seq,2816,2943,2879,0.004129635054897908,0.17266659611483745,400640
Histone ChIP-seq,2944,3071,3007,0.004075070687133387,0.1703851732951905,394946
Histone ChIP-seq,3072,3199,3135,0.003969824891359908,0.16598467952999674,388856
Histone ChIP-seq,3200,3327,3263,0.0038101213930842328,0.15930722278907067,383481
Histone ChIP-seq,3328,3455,3391,0.0037236595412375867,0.1556921155329369,377966
Histone ChIP-seq,3456,3583,3519,0.003672517650527329,0.15355379191101204,372827
Histone ChIP-seq,3584,3711,3647,0.003594012583460799,0.1502713704553757,368259
Histone ChIP-seq,3712,3839,3775,0.0035450057898396142,0.148222318631526,362993
Histone ChIP-seq,3840,3967,3903,0.0034378386073705097,0.1437414886390037,358076
Histone ChIP-seq,3968,4095,4031,0.0034603797807203495,0.14468397087363485,352458
Histone ChIP-seq,4096,4223,4159,0.0034489021415648933,0.14420407256347872,345678
Histone ChIP-seq,4224,4351,4287,0.003445588877525299,0.14406553973524056,340674
Histone ChIP-seq,4352,4479,4415,0.0033748416843594484,0.1411074873005253,336147
Histone ChIP-seq,4480,4607,4543,0.0034382875013610316,0.14376025760922248,332010
Histone ChIP-seq,4608,4735,4671,0.00335100620412697,0.14011088804083446,325343
Histone ChIP-seq,4736,4863,4799,0.003225216943418849,0.13485143940056957,318674
Histone ChIP-seq,4864,4991,4927,0.0031020558272109463,0.12970187765319421,313639
Histone ChIP-seq,4992,5119,5055,0.002938858784547503,0.12287835027653568,307113
Histone ChIP-seq,5120,5247,5183,0.0028294610122555196,0.11830425578317377,301904
Histone ChIP-seq,5248,5375,5311,0.002749458638525763,0.11495922955945442,296048
Histone ChIP-seq,5376,5503,5439,0.0027059018758618697,0.11313805218010312,291628
Histone ChIP-seq,5504,5631,5567,0.0026297122782542883,0.10995244417760966,286568
Histone ChIP-seq,5632,5759,5695,0.0025991059366075433,0.10867274445562009,281538
Histone ChIP-seq,5760,5887,5823,0.0024826595457132375,0.10380393603107647,277044
Histone ChIP-seq,5888,6015,5951,0.0024025608088040313,0.10045488070987874,271618
Histone ChIP-seq,6016,6143,6079,0.002344193910391379,0.0980144680485371,265894
Histone ChIP-seq,6144,6271,6207,0.0023439723082455577,0.09800520251109805,258447
Histone ChIP-seq,6272,6399,6335,0.0023438390601101186,0.09799963119506672,252711
Histone ChIP-seq,6400,6527,6463,0.002301656757504464,0.09623592217226434,247287
Histone ChIP-seq,6528,6655,6591,0.0022719360190999803,0.09499325092744448,242781
Histone ChIP-seq,6656,6783,6719,0.002275912918175713,0.0951595313898511,237763
Histone ChIP-seq,6784,6911,6847,0.0022728010639895702,0.09502941982725922,232697
Histone ChIP-seq,6912,7039,6975,0.002239826658595602,0.09365070760145747,228275
Histone ChIP-seq,7040,7167,7103,0.002156803985617437,0.09017939787240699,222429
Histone ChIP-seq,7168,7295,7231,0.002128815405934844,0.08900915093299511,217224
Histone ChIP-seq,7296,7423,7359,0.002130692541460795,0.08908763694868499,210693
Histone ChIP-seq,7424,7551,7487,0.0020812707575662824,0.08702123372284364,205660
Histone ChIP-seq,7552,7679,7615,0.002024607385185795,0.08465204818870735,199000
Histone ChIP-seq,7680,7807,7743,0.002022205619473179,0.08455162655223104,192318
Histone ChIP-seq,7808,7935,7871,0.0020076529333994896,0.08394315564977406,188174
Histone ChIP-seq,7936,8063,7999,0.0020087521805702067,0.08398911691868365,183650
Histone ChIP-seq,8064,8191,8127,0.0020321837886588664,0.08496882964302407,178654
Histone ChIP-seq,8192,8319,8255,0.0020393264534344677,0.08526747579397866,171888
Histone ChIP-seq,8320,8447,8383,0.002014047585261851,0.08421052619359579,166247
Histone ChIP-seq,8448,8575,8511,0.002016553433382277,0.08431529968074003,161337
Histone ChIP-seq,8576,8703,8639,0.001956646791840347,0.0818105079153155,156068
Histone ChIP-seq,8704,8831,8767,0.0019218048660919734,0.08035371169940718,151489
Histone ChIP-seq,8832,8959,8895,0.0019608327648945123,0.08198553009259818,146372
Histone ChIP-seq,8960,9087,9023,0.0018870374810771864,0.0789000321498796,140847
Histone ChIP-seq,9088,9215,9151,0.0018611423199105075,0.07781731436124777,135475
Histone ChIP-seq,9216,9343,9279,0.0018770621876530698,0.07848294929924221,129395
Histone ChIP-seq,9344,9471,9407,0.0018345679304563496,0.07670619695985964,123691
Histone ChIP-seq,9472,9599,9535,0.001823225030480522,0.07623193230865896,118440
Histone ChIP-seq,9600,9727,9663,0.0018343836693998031,0.07669849271263018,114443
Histone ChIP-seq,9728,9855,9791,0.0017875740995251074,0.07474131030100829,108712
Histone ChIP-seq,9856,9983,9919,0.0017768805363360147,0.07429419545147464,103557
Histone ChIP-seq,9984,10111,10047,0.0017362331844740515,0.07259466515550742,98226
Histone ChIP-seq,10112,10239,10175,0.001765431738680027,0.07381550305018791,91617
Histone ChIP-seq,10240,10367,10303,0.0018231891282228998,0.07623043117828449,85650
Histone ChIP-seq,10368,10495,10431,0.0017312633474416395,0.07238686838116189,79679
Histone ChIP-seq,10496,10623,10559,0.001763984631179663,0.07375499718877923,74651
Histone ChIP-seq,10624,10751,10687,0.0017717416716969356,0.0740793313646173,68810
Histone ChIP-seq,10752,10879,10815,0.0017110912895234374,0.07154344262293749,62726
Histone ChIP-seq,10880,11007,10943,0.0017424348606961942,0.07285396708152475,57092
Histone ChIP-seq,11008,11135,11071,0.0016020375366045713,0.0669837321255859,51962
Histone ChIP-seq,11136,11263,11199,0.0015671239625605331,0.06552394018071718,46864
Histone ChIP-seq,11264,11391,11327,0.0016322049025986843,0.06824507757880603,41162
Histone ChIP-seq,11392,11519,11455,0.0016935974027355695,0.07081199545040903,35396
Histone ChIP-seq,11520,11647,11583,0.001754711465319267,0.07336727140598304,30392
Histone ChIP-seq,11648,11775,11711,0.001800489738867534,0.07528133368134518,24768
Histone ChIP-seq,11776,11903,11839,0.001758507591057384,0.07352599344822433,18552
Histone ChIP-seq,11904,12031,11967,0.0017438322508401055,0.0729123941813498,13378
Histone ChIP-seq,12032,12159,12095,0.0017772179552104212,0.0743083034701577,8209
Histone ChIP-seq,12160,12287,12223,0.00227841744240665,0.09526424952307455,2708
PRO-cap,0,127,63,0.022799198086137583,1.0,519575
PRO-cap,128,255,191,0.010812866879999933,0.4742652280640693,516118
PRO-cap,256,383,319,0.00898249394123505,0.39398288954279514,510952
PRO-cap,384,511,447,0.007134803753458993,0.3129409958413016,505775
PRO-cap,512,639,575,0.00652969983793852,0.2864004169475032,499570
PRO-cap,640,767,703,0.0057151646299448385,0.25067393196692234,493941
PRO-cap,768,895,831,0.0053303929620125605,0.23379738804293987,488933
PRO-cap,896,1023,959,0.005015815347484657,0.2199996389581081,483174
PRO-cap,1024,1151,1087,0.004771212277880645,0.20927105680886415,477461
PRO-cap,1152,1279,1215,0.004732647537055637,0.20757956131506186,472368
PRO-cap,1280,1407,1343,0.004500642785306651,0.19740355640153598,467236
PRO-cap,1408,1535,1471,0.0044688815027505375,0.19601046869572647,461607
PRO-cap,1536,1663,1599,0.004473681425978597,0.1962209990490277,455530
PRO-cap,1664,1791,1727,0.004266302347938117,0.18712510553308115,449676
PRO-cap,1792,1919,1855,0.004005760071012098,0.17569741075444617,444654
PRO-cap,1920,2047,1983,0.0038869626105772063,0.17048681255769982,438682
PRO-cap,2048,2175,2111,0.0037864987938201404,0.16608034982258502,432720
PRO-cap,2176,2303,2239,0.0036093083375812263,0.1583085652374662,426108
PRO-cap,2304,2431,2367,0.003498439653094118,0.15344573260325534,420773
PRO-cap,2432,2559,2495,0.003422093910408414,0.15009711734068062,415620
PRO-cap,2560,2687,2623,0.0032056647760505355,0.14060427756885233,409885
PRO-cap,2688,2815,2751,0.0033569391860642263,0.14723935347995068,405878
PRO-cap,2816,2943,2879,0.0032966791714335586,0.1445962774207402,400640
PRO-cap,2944,3071,3007,0.00336653551107403,0.14766025973172092,394946
PRO-cap,3072,3199,3135,0.003196995588165968,0.14022403665635116,388856
PRO-cap,3200,3327,3263,0.003263852191148645,0.1431564469424536,383481
PRO-cap,3328,3455,3391,0.00306969090834848,0.13464030167863317,377966
PRO-cap,3456,3583,3519,0.0029274832791117158,0.12840290557814357,372827
PRO-cap,3584,3711,3647,0.002902003971481997,0.12728535277942427,368259
PRO-cap,3712,3839,3775,0.002829001201903635,0.1240833643014721,362993
PRO-cap,3840,3967,3903,0.002781169457822939,0.12198540700051864,358076
PRO-cap,3968,4095,4031,0.0027580157395542437,0.12096985732279673,352458
PRO-cap,4096,4223,4159,0.0027238958021532866,0.11947331620446228,345678
PRO-cap,4224,4351,4287,0.0027595582366813634,0.12103751308513065,340674
PRO-cap,4352,4479,4415,0.0028874302348177888,0.1266461313204437,336147
PRO-cap,4480,4607,4543,0.0028909133832778224,0.12679890636309538,332010
PRO-cap,4608,4735,4671,0.00280489468425445,0.12302602370738154,325343
PRO-cap,4736,4863,4799,0.0026765631186134184,0.11739724829360679,318674
PRO-cap,4864,4991,4927,0.0027001991411783784,0.11843395241257013,313639
PRO-cap,4992,5119,5055,0.0026335384462173226,0.11551013488577795,307113
PRO-cap,5120,5247,5183,0.0024463945530222475,0.10730178069331787,301904
PRO-cap,5248,5375,5311,0.0024273458020422417,0.10646627977315228,296048
PRO-cap,5376,5503,5439,0.002468766940676722,0.10828306027911512,291628
PRO-cap,5504,5631,5567,0.002452063415542367,0.10755042375956529,286568
PRO-cap,5632,5759,5695,0.0024601321427474743,0.10790432775104003,281538
PRO-cap,5760,5887,5823,0.002326756554613908,0.10205431549930817,277044
PRO-cap,5888,6015,5951,0.0022416282992636077,0.0983204887643205,271618
PRO-cap,6016,6143,6079,0.002150364187010294,0.0943175360328907,265894
PRO-cap,6144,6271,6207,0.0021896987627417607,0.09604279740317472,258447
PRO-cap,6272,6399,6335,0.002290327597746487,0.10045649803529962,252711
PRO-cap,6400,6527,6463,0.002352962194484168,0.10320372609573585,247287
PRO-cap,6528,6655,6591,0.002324590531750939,0.10195931115508582,242781
PRO-cap,6656,6783,6719,0.00241925009365456,0.10611119235485382,237763
PRO-cap,6784,6911,6847,0.002353917263370674,0.10324561655534313,232697
PRO-cap,6912,7039,6975,0.0023633786925057023,0.10366060611327768,228275
PRO-cap,7040,7167,7103,0.0024049321501035848,0.10548319028667226,222429
PRO-cap,7168,7295,7231,0.0023578935712616706,0.10342002215838118,217224
PRO-cap,7296,7423,7359,0.0021213074820553035,0.09304307432396516,210693
PRO-cap,7424,7551,7487,0.0020286080017551202,0.08897716463933698,205660
PRO-cap,7552,7679,7615,0.0019568995952024292,0.0858319484663045,199000
PRO-cap,7680,7807,7743,0.0018663504811374607,0.0818603564075459,192318
PRO-cap,7808,7935,7871,0.0018710670965590816,0.082067232781171,188174
PRO-cap,7936,8063,7999,0.0018037457024875619,0.0791144362039768,183650
PRO-cap,8064,8191,8127,0.0017643667944884226,0.07738723036759775,178654
PRO-cap,8192,8319,8255,0.0019981357564800043,0.08764061564493864,171888
PRO-cap,8320,8447,8383,0.002068609905780959,0.09073169582392986,166247
PRO-cap,8448,8575,8511,0.0020439360956632253,0.08964947310607313,161337
PRO-cap,8576,8703,8639,0.002023006628022542,0.08873148171174383,156068
PRO-cap,8704,8831,8767,0.0019666687890803653,0.08626043695265508,151489
PRO-cap,8832,8959,8895,0.0020446124689355487,0.08967913964389468,146372
PRO-cap,8960,9087,9023,0.0020560217731219145,0.09017956532304622,140847
PRO-cap,9088,9215,9151,0.0018964191161719224,0.08317920257576898,135475
PRO-cap,9216,9343,9279,0.0019166227369655882,0.08406535746232835,129395
PRO-cap,9344,9471,9407,0.0017633888564853872,0.0773443368412842,123691
PRO-cap,9472,9599,9535,0.0017673561800979625,0.07751834838316327,118440
PRO-cap,9600,9727,9663,0.0016648242967135087,0.07302117778106233,114443
PRO-cap,9728,9855,9791,0.0015834813698558082,0.06945338006509097,108712
PRO-cap,9856,9983,9919,0.0015995381459406887,0.07015764940053937,103557
PRO-cap,9984,10111,10047,0.0017404333740554626,0.07633748202370699,98226
PRO-cap,10112,10239,10175,0.0017356976945473025,0.0761297694765258,91617
PRO-cap,10240,10367,10303,0.001645703685238622,0.07218252497394838,85650
PRO-cap,10368,10495,10431,0.0017830811226982725,0.07820806310650133,79679
PRO-cap,10496,10623,10559,0.0017391426459448063,0.0762808691504919,74651
PRO-cap,10624,10751,10687,0.001711726561928533,0.07507836703122031,68810
PRO-cap,10752,10879,10815,0.0016491446018161438,0.07233344767590139,62726
PRO-cap,10880,11007,10943,0.0015213086637568876,0.06672641107854917,57092
PRO-cap,11008,11135,11071,0.0012592206750729298,0.055230919540041355,51962
PRO-cap,11136,11263,11199,0.0011619896463429683,0.05096625074061196,46864
PRO-cap,11264,11391,11327,0.0011992613187447538,0.05260103071230085,41162
PRO-cap,11392,11519,11455,0.0012985535507237182,0.05695610634276069,35396
PRO-cap,11520,11647,11583,0.0014056319688470786,0.061652693377041795,30392
PRO-cap,11648,11775,11711,0.0013263690129625132,0.05817612566684856,24768
PRO-cap,11776,11903,11839,0.0011742464469354172,0.051503848622175226,18552
PRO-cap,11904,12031,11967,0.0014820666371069197,0.06500520902127908,13378
PRO-cap,12032,12159,12095,0.001758470418190543,0.07712860827590827,8209
PRO-cap,12160,12287,12223,0.0024300508057741184,0.10658492446063896,2708
eCLIP,0,127,63,0.06546381968978887,1.0,519575
eCLIP,128,255,191,0.03292039149867446,0.5028791728724841,516118
eCLIP,256,383,319,0.027833703651247432,0.42517689592727764,510952
eCLIP,384,511,447,0.024277269841565516,0.3708501880368022,505775
eCLIP,512,639,575,0.022383580020010486,0.34192291445990747,499570
eCLIP,640,767,703,0.02088119955522961,0.31897313132931476,493941
eCLIP,768,895,831,0.01980606783880388,0.3025498348959503,488933
eCLIP,896,1023,959,0.018841314031343547,0.2878126287257026,483174
eCLIP,1024,1151,1087,0.018295730418323247,0.27947850438640137,477461
eCLIP,1152,1279,1215,0.01807933296108839,0.27617290049313187,472368
eCLIP,1280,1407,1343,0.017831426370135062,0.27238597525522074,467236
eCLIP,1408,1535,1471,0.01735888228162625,0.2651675744538614,461607
eCLIP,1536,1663,1599,0.016939774187011338,0.25876544123583467,455530
eCLIP,1664,1791,1727,0.01593252051428504,0.24337902355505564,449676
eCLIP,1792,1919,1855,0.015828893277308805,0.2417960539473045,444654
eCLIP,1920,2047,1983,0.015091014895291376,0.23052450906168695,438682
eCLIP,2048,2175,2111,0.014541061321461303,0.2221236308905671,432720
eCLIP,2176,2303,2239,0.013652877983917722,0.2085560856151404,426108
eCLIP,2304,2431,2367,0.013283978183910987,0.20292091489404854,420773
eCLIP,2432,2559,2495,0.013176102094879603,0.2012730414649915,415620
eCLIP,2560,2687,2623,0.012888058259781248,0.19687299520335724,409885
eCLIP,2688,2815,2751,0.012652572905060708,0.19327581196784752,405878
eCLIP,2816,2943,2879,0.01270777935690956,0.19411912438240653,400640
eCLIP,2944,3071,3007,0.012467379519342,0.19044686940696004,394946
eCLIP,3072,3199,3135,0.01221064148039101,0.1865250383838455,388856
eCLIP,3200,3327,3263,0.012101013176071963,0.1848503987914945,383481
eCLIP,3328,3455,3391,0.011992764929173259,0.18319684042273973,377966
eCLIP,3456,3583,3519,0.01183240387901497,0.1807472270192111,372827
eCLIP,3584,3711,3647,0.01158800676155215,0.17701391114151047,368259
eCLIP,3712,3839,3775,0.011839962386026161,0.18086268785004878,362993
eCLIP,3840,3967,3903,0.011215200321453888,0.17131906409676317,358076
eCLIP,3968,4095,4031,0.011451215387410228,0.17492433899631438,352458
eCLIP,4096,4223,4159,0.011262325023714293,0.17203892282917008,345678
eCLIP,4224,4351,4287,0.010994577598839005,0.1679489166831179,340674
eCLIP,4352,4479,4415,0.010905500375690628,0.16658820746128386,336147
eCLIP,4480,4607,4543,0.010917121120559444,0.16676572146709476,332010
eCLIP,4608,4735,4671,0.01088533741290498,0.1662802058371624,325343
eCLIP,4736,4863,4799,0.010704419090675345,0.16351656749331164,318674
eCLIP,4864,4991,4927,0.010549690205693109,0.16115298886750817,313639
eCLIP,4992,5119,5055,0.010234651981197704,0.1563405867499986,307113
eCLIP,5120,5247,5183,0.00993674103797838,0.15178981435952363,301904
eCLIP,5248,5375,5311,0.009649803818241412,0.14740667232631097,296048
eCLIP,5376,5503,5439,0.009293258238787098,0.14196021990199684,291628
eCLIP,5504,5631,5567,0.009120133519844597,0.13931563362880225,286568
eCLIP,5632,5759,5695,0.009510259939945294,0.1452750539918268,281538
eCLIP,5760,5887,5823,0.00929018787453481,0.14191331820474118,277044
eCLIP,5888,6015,5951,0.009225521537516846,0.14092550024171374,271618
eCLIP,6016,6143,6079,0.009254888703289148,0.14137410171213607,265894
eCLIP,6144,6271,6207,0.009241050251798758,0.14116271087738239,258447
eCLIP,6272,6399,6335,0.008953763280851073,0.1367742261798954,252711
eCLIP,6400,6527,6463,0.008668165125838538,0.1324115391817048,247287
eCLIP,6528,6655,6591,0.008636080043914815,0.13192141987495243,242781
eCLIP,6656,6783,6719,0.009135139763982569,0.13954486321254914,237763
eCLIP,6784,6911,6847,0.00860143937358595,0.13139226238776305,232697
eCLIP,6912,7039,6975,0.008314441961034057,0.12700820087238132,228275
eCLIP,7040,7167,7103,0.008265884625997401,0.12626645779556803,222429
eCLIP,7168,7295,7231,0.008358166550135363,0.12767612079071947,217224
eCLIP,7296,7423,7359,0.008324068781391532,0.12715525645824682,210693
eCLIP,7424,7551,7487,0.008224193324111933,0.12562959758663078,205660
eCLIP,7552,7679,7615,0.0081820471007678,0.12498578817337244,199000
eCLIP,7680,7807,7743,0.008451282322481315,0.1290985213287143,192318
eCLIP,7808,7935,7871,0.007894097851360173,0.12058718676618108,188174
eCLIP,7936,8063,7999,0.00803407544783827,0.12272543041192928,183650
eCLIP,8064,8191,8127,0.00819014454791656,0.1251094816453869,178654
eCLIP,8192,8319,8255,0.00845067624095915,0.12908926306170454,171888
eCLIP,8320,8447,8383,0.008140267697029848,0.12434758215459855,166247
eCLIP,8448,8575,8511,0.008333369874543348,0.12729733636125112,161337
eCLIP,8576,8703,8639,0.008484340110949846,0.129603499324578,156068
eCLIP,8704,8831,8767,0.008312024182069328,0.12697126781567633,151489
eCLIP,8832,8959,8895,0.008038187335595515,0.12278824201957347,146372
eCLIP,8960,9087,9023,0.008206031306569569,0.12535216162844154,140847
eCLIP,9088,9215,9151,0.007897967388259404,0.12064629631581579,135475
eCLIP,9216,9343,9279,0.008243779176220836,0.12592878349117645,129395
eCLIP,9344,9471,9407,0.008075578917939015,0.12335942137514248,123691
eCLIP,9472,9599,9535,0.00829515370612165,0.1267135609475525,118440
eCLIP,9600,9727,9663,0.008278283860993546,0.12645586371558462,114443
eCLIP,9728,9855,9791,0.007776487070522627,0.1187906099487136,108712
eCLIP,9856,9983,9919,0.007777482170324489,0.11880581070856198,103557
eCLIP,9984,10111,10047,0.007556917704855564,0.11543655320855502,98226
eCLIP,10112,10239,10175,0.007448434723026022,0.11377940911974983,91617
eCLIP,10240,10367,10303,0.007274196935190079,0.11111782003647303,85650
eCLIP,10368,10495,10431,0.007096623393839526,0.10840527527217399,79679
eCLIP,10496,10623,10559,0.0074471240065618486,0.1137593871217915,74651
eCLIP,10624,10751,10687,0.007999779565951975,0.12220153977968674,68810
eCLIP,10752,10879,10815,0.0076644977151080354,0.11707990385265517,62726
eCLIP,10880,11007,10943,0.007697794111022979,0.11758852672361998,57092
eCLIP,11008,11135,11071,0.007160177449338449,0.10937610245274615,51962
eCLIP,11136,11263,11199,0.007282916962325015,0.11125102379965485,46864
eCLIP,11264,11391,11327,0.007388409714860059,0.11286249030183786,41162
eCLIP,11392,11519,11455,0.00756701104192209,0.11559073512330356,35396
eCLIP,11520,11647,11583,0.008319359271359903,0.1270833158037915,30392
eCLIP,11648,11775,11711,0.00878205186989207,0.1341512290530445,24768
eCLIP,11776,11903,11839,0.006877724474978651,0.10506146001821899,18552
eCLIP,11904,12031,11967,0.007017917418233628,0.10720299321807357,13378
eCLIP,12032,12159,12095,0.008411494065864547,0.12849073130354755,8209
eCLIP,12160,12287,12223,0.011850100749432001,0.18101755756974863,2708
polyA plus RNA-seq,0,127,63,0.03326202900441459,1.0,519575
polyA plus RNA-seq,128,255,191,0.02302139304460322,0.6921223308881062,516118
polyA plus RNA-seq,256,383,319,0.01991837705703038,0.5988322917518586,510952
polyA plus RNA-seq,384,511,447,0.016745079690230282,0.50342929134022,505775
polyA plus RNA-seq,512,639,575,0.015280270404574355,0.4593908087370837,499570
polyA plus RNA-seq,640,767,703,0.013926353752085733,0.41868623679684136,493941
polyA plus RNA-seq,768,895,831,0.013286555580339863,0.3994511452857085,488933
polyA plus RNA-seq,896,1023,959,0.012897032859997066,0.387740412898003,483174
polyA plus RNA-seq,1024,1151,1087,0.011908869184921315,0.3580319523905397,477461
polyA plus RNA-seq,1152,1279,1215,0.01186270305345783,0.3566439994350132,472368
polyA plus RNA-seq,1280,1407,1343,0.011555753571686988,0.3474157746105413,467236
polyA plus RNA-seq,1408,1535,1471,0.011285324114401514,0.3392854991769656,461607
polyA plus RNA-seq,1536,1663,1599,0.010973269523597418,0.32990379276444703,455530
polyA plus RNA-seq,1664,1791,1727,0.010023673380345864,0.3013548385462446,449676
polyA plus RNA-seq,1792,1919,1855,0.010132883469685232,0.3046381646874392,444654
polyA plus RNA-seq,1920,2047,1983,0.009213100720930636,0.27698552964727013,438682
polyA plus RNA-seq,2048,2175,2111,0.008747049344945365,0.2629740159202087,432720
polyA plus RNA-seq,2176,2303,2239,0.008117111809089271,0.24403537763772482,426108
polyA plus RNA-seq,2304,2431,2367,0.007913822647833486,0.23792362897594582,420773
polyA plus RNA-seq,2432,2559,2495,0.007606589285949279,0.22868686949132658,415620
polyA plus RNA-seq,2560,2687,2623,0.007574999726195701,0.22773715112780205,409885
polyA plus RNA-seq,2688,2815,2751,0.007458418337381709,0.2242322119432887,405878
polyA plus RNA-seq,2816,2943,2879,0.007590432803796972,0.22820113597969496,400640
polyA plus RNA-seq,2944,3071,3007,0.007261074964400079,0.2182992193120984,394946
polyA plus RNA-seq,3072,3199,3135,0.006972412953750395,0.20962079471534958,388856
polyA plus RNA-seq,3200,3327,3263,0.0068265958307581935,0.20523690331254765,383481
polyA plus RNA-seq,3328,3455,3391,0.006932313539564763,0.20841523343764431,377966
polyA plus RNA-seq,3456,3583,3519,0.006862232860246872,0.20630830606683992,372827
polyA plus RNA-seq,3584,3711,3647,0.006830808637182528,0.20536355843703738,368259
polyA plus RNA-seq,3712,3839,3775,0.006893936820512588,0.2072614638029933,362993
polyA plus RNA-seq,3840,3967,3903,0.00618702842403258,0.18600874959285937,358076
polyA plus RNA-seq,3968,4095,4031,0.006612539451643567,0.19880144565943164,352458
polyA plus RNA-seq,4096,4223,4159,0.006253793145141014,0.18801598496324443,345678
polyA plus RNA-seq,4224,4351,4287,0.005860868834680863,0.17620298611076907,340674
polyA plus RNA-seq,4352,4479,4415,0.005834867504218851,0.17542127401321303,336147
polyA plus RNA-seq,4480,4607,4543,0.005969891194931312,0.1794806683061631,332010
polyA plus RNA-seq,4608,4735,4671,0.005947991011183109,0.17882225436078122,325343
polyA plus RNA-seq,4736,4863,4799,0.005853162806658652,0.17597130968413893,318674
polyA plus RNA-seq,4864,4991,4927,0.005876867759267837,0.17668398276268263,313639
polyA plus RNA-seq,4992,5119,5055,0.005793414591573506,0.17417502073624536,307113
polyA plus RNA-seq,5120,5247,5183,0.005426637129903252,0.16314810888965972,301904
polyA plus RNA-seq,5248,5375,5311,0.005181249853855874,0.15577070939262935,296048
polyA plus RNA-seq,5376,5503,5439,0.005088303750384187,0.15297634878824917,291628
polyA plus RNA-seq,5504,5631,5567,0.0050760266134063335,0.1526072451182288,286568
polyA plus RNA-seq,5632,5759,5695,0.005655475972034375,0.17002799111514727,281538
polyA plus RNA-seq,5760,5887,5823,0.005577260618573699,0.16767650036723483,277044
polyA plus RNA-seq,5888,6015,5951,0.005866787565245543,0.17638092866995256,271618
polyA plus RNA-seq,6016,6143,6079,0.005963349101982882,0.179283984786118,265894
polyA plus RNA-seq,6144,6271,6207,0.0055806824551108995,0.16777937552667704,258447
polyA plus RNA-seq,6272,6399,6335,0.005167267523948211,0.15535034027125652,252711
polyA plus RNA-seq,6400,6527,6463,0.004824175346884023,0.14503551019824287,247287
polyA plus RNA-seq,6528,6655,6591,0.004772011390607974,0.14346723676942935,242781
polyA plus RNA-seq,6656,6783,6719,0.005598322817122364,0.16830972086457338,237763
polyA plus RNA-seq,6784,6911,6847,0.0049132064039333675,0.14771216762757552,232697
polyA plus RNA-seq,6912,7039,6975,0.004698416064567815,0.14125464396487158,228275
polyA plus RNA-seq,7040,7167,7103,0.004740385497129452,0.14251642605748133,222429
polyA plus RNA-seq,7168,7295,7231,0.0048705060826891465,0.14642841186996514,217224
polyA plus RNA-seq,7296,7423,7359,0.004829359726117286,0.1451913749902727,210693
polyA plus RNA-seq,7424,7551,7487,0.0048237289537870496,0.14502208969713892,205660
polyA plus RNA-seq,7552,7679,7615,0.004624640067894217,0.13903661942211726,199000
polyA plus RNA-seq,7680,7807,7743,0.005036176992342232,0.15140919369873143,192318
polyA plus RNA-seq,7808,7935,7871,0.004249140350589605,0.12774747896544894,188174
polyA plus RNA-seq,7936,8063,7999,0.004028938570673575,0.1211272640685524,183650
polyA plus RNA-seq,8064,8191,8127,0.004632167880532678,0.1392629379259422,178654
polyA plus RNA-seq,8192,8319,8255,0.00488328419170941,0.1468125769195046,171888
polyA plus RNA-seq,8320,8447,8383,0.004650885855774772,0.13982568096364473,166247
polyA plus RNA-seq,8448,8575,8511,0.00489148300451371,0.14705906858130946,161337
polyA plus RNA-seq,8576,8703,8639,0.005352987731768754,0.16093389044481612,156068
polyA plus RNA-seq,8704,8831,8767,0.0049960183706474716,0.15020185238803055,151489
polyA plus RNA-seq,8832,8959,8895,0.004578060590613225,0.13763623950918982,146372
polyA plus RNA-seq,8960,9087,9023,0.004504824999342286,0.13543446188277924,140847
polyA plus RNA-seq,9088,9215,9151,0.004376798930161941,0.13158544626309612,135475
polyA plus RNA-seq,9216,9343,9279,0.004986016766362582,0.1499011610416439,129395
polyA plus RNA-seq,9344,9471,9407,0.005092273847519081,0.1530957070250653,123691
polyA plus RNA-seq,9472,9599,9535,0.0052609996333434755,0.15816833160253774,118440
polyA plus RNA-seq,9600,9727,9663,0.005580759109193739,0.16778168007889874,114443
polyA plus RNA-seq,9728,9855,9791,0.004374723005829155,0.13152303502737414,108712
polyA plus RNA-seq,9856,9983,9919,0.004551390919093181,0.13683443419789912,103557
polyA plus RNA-seq,9984,10111,10047,0.0043426577075681054,0.13055901391318434,98226
polyA plus RNA-seq,10112,10239,10175,0.004276610331931569,0.12857334504049558,91617
polyA plus RNA-seq,10240,10367,10303,0.004018114904018953,0.12080185798303712,85650
polyA plus RNA-seq,10368,10495,10431,0.0036916390924738667,0.11098658749843271,79679
polyA plus RNA-seq,10496,10623,10559,0.004237068797523861,0.12738455603419474,74651
polyA plus RNA-seq,10624,10751,10687,0.005118367742708698,0.15388020201742292,68810
polyA plus RNA-seq,10752,10879,10815,0.005348587724677308,0.1608016072611636,62726
polyA plus RNA-seq,10880,11007,10943,0.005117181503939782,0.15384453856560049,57092
polyA plus RNA-seq,11008,11135,11071,0.0044967359179834444,0.13519126922132832,51962
polyA plus RNA-seq,11136,11263,11199,0.005203430667728155,0.15643756028946842,46864
polyA plus RNA-seq,11264,11391,11327,0.005040103837154093,0.15152725158423624,41162
polyA plus RNA-seq,11392,11519,11455,0.005199544726994776,0.15632073215691936,35396
polyA plus RNA-seq,11520,11647,11583,0.006417682578075018,0.19294320792105774,30392
polyA plus RNA-seq,11648,11775,11711,0.00630437041818086,0.18953655585304593,24768
polyA plus RNA-seq,11776,11903,11839,0.003756663153142951,0.11294149111121153,18552
polyA plus RNA-seq,11904,12031,11967,0.002583688030623739,0.07767680168521372,13378
polyA plus RNA-seq,12032,12159,12095,0.005323599213211542,0.16005034486936998,8209
polyA plus RNA-seq,12160,12287,12223,0.004665227823000349,0.14025686233335832,2708
total RNA-seq,0,127,63,0.04435185091564404,1.0,519575
total RNA-seq,128,255,191,0.029522960401839965,0.6656534009818845,516118
total RNA-seq,256,383,319,0.026077906746864356,0.5879778680818484,510952
total RNA-seq,384,511,447,0.023128751345875234,0.5214833398918449,505775
total RNA-seq,512,639,575,0.02186621143638536,0.49301688621686324,499570
total RNA-seq,640,767,703,0.020921735140598367,0.47172180435921185,493941
total RNA-seq,768,895,831,0.02039549702897147,0.45985672768794084,488933
total RNA-seq,896,1023,959,0.020081576986009795,0.4527787808496287,483174
total RNA-seq,1024,1151,1087,0.019209877647597892,0.43312459910939305,477461
total RNA-seq,1152,1279,1215,0.019042998003616328,0.4293619682262093,472368
total RNA-seq,1280,1407,1343,0.018629915074517087,0.42004819843822655,467236
total RNA-seq,1408,1535,1471,0.018224262438335574,0.41090195926653894,461607
total RNA-seq,1536,1663,1599,0.017741098767106868,0.4000080808543917,455530
total RNA-seq,1664,1791,1727,0.01674506388700509,0.3775505089709497,449676
total RNA-seq,1792,1919,1855,0.0166168938143454,0.3746606617602107,444654
total RNA-seq,1920,2047,1983,0.015500191899304941,0.3494824134574646,438682
total RNA-seq,2048,2175,2111,0.01483316202914494,0.33444290876061056,432720
total RNA-seq,2176,2303,2239,0.014065394041250455,0.317132064409272,426108
total RNA-seq,2304,2431,2367,0.013701516176427973,0.3089277198935365,420773
total RNA-seq,2432,2559,2495,0.013260383929293264,0.29898152287971336,415620
total RNA-seq,2560,2687,2623,0.013079813556556368,0.29491020750033187,409885
total RNA-seq,2688,2815,2751,0.012849272120534114,0.28971219588948083,405878
total RNA-seq,2816,2943,2879,0.012890112028732525,0.2906330122106776,400640
total RNA-seq,2944,3071,3007,0.012464567760814584,0.28103827694861794,394946
total RNA-seq,3072,3199,3135,0.012171061215481317,0.2744205926970293,388856
total RNA-seq,3200,3327,3263,0.01195850764227775,0.26962815294952386,383481
total RNA-seq,3328,3455,3391,0.012077996067844056,0.2723222552947353,377966
total RNA-seq,3456,3583,3519,0.011959885715869482,0.26965922433805173,372827
total RNA-seq,3584,3711,3647,0.011897270868838024,0.2682474490515919,368259
total RNA-seq,3712,3839,3775,0.01184503398198122,0.2670696653564727,362993
total RNA-seq,3840,3967,3903,0.011177724488709354,0.25202385600477123,358076
total RNA-seq,3968,4095,4031,0.011557561122260827,0.26058802245351564,352458
total RNA-seq,4096,4223,4159,0.011207935340038546,0.25270501926415023,345678
total RNA-seq,4224,4351,4287,0.010859041509173144,0.2448385193625117,340674
total RNA-seq,4352,4479,4415,0.010758942970958444,0.24258160029040612,336147
total RNA-seq,4480,4607,4543,0.010889862408540974,0.24553343735875158,332010
total RNA-seq,4608,4735,4671,0.010762664439867833,0.24266550815067708,325343
total RNA-seq,4736,4863,4799,0.010544085278971223,0.2377372096381225,318674
total RNA-seq,4864,4991,4927,0.010492139129719025,0.23656598119602215,313639
total RNA-seq,4992,5119,5055,0.01026927417514246,0.23154105100764177,307113
total RNA-seq,5120,5247,5183,0.009895522569468684,0.223114083520205,301904
total RNA-seq,5248,5375,5311,0.009506731074851744,0.21434801205778936,296048
total RNA-seq,5376,5503,5439,0.009359263027762355,0.21102305393214382,291628
total RNA-seq,5504,5631,5567,0.00926422855185634,0.20888031413788433,286568
total RNA-seq,5632,5759,5695,0.009663509427093767,0.2178828893854619,281538
total RNA-seq,5760,5887,5823,0.00952470053775299,0.2147531690586871,277044
total RNA-seq,5888,6015,5951,0.00974135217650373,0.21963800778081405,271618
total RNA-seq,6016,6143,6079,0.009769760665906319,0.220278533233892,265894
total RNA-seq,6144,6271,6207,0.00937205357345683,0.21131144202487087,258447
total RNA-seq,6272,6399,6335,0.00896150262640963,0.20205476076870285,252711
total RNA-seq,6400,6527,6463,0.008649635263734731,0.19502309565808407,247287
total RNA-seq,6528,6655,6591,0.008541067447497433,0.19257522000022728,242781
total RNA-seq,6656,6783,6719,0.009255558764793542,0.2086848366801501,237763
total RNA-seq,6784,6911,6847,0.00863624209645339,0.19472112027250627,232697
total RNA-seq,6912,7039,6975,0.008469883928393377,0.19097024709302113,228275
total RNA-seq,7040,7167,7103,0.008511375726609116,0.19190576156105665,222429
total RNA-seq,7168,7295,7231,0.008570121626090443,0.19323030379026507,217224
total RNA-seq,7296,7423,7359,0.008556394834984002,0.19292080619719845,210693
total RNA-seq,7424,7551,7487,0.00851944760964944,0.19208775809273862,205660
total RNA-seq,7552,7679,7615,0.008338442208399745,0.18800663413707863,199000
total RNA-seq,7680,7807,7743,0.008667301127961427,0.19542140742776187,192318
total RNA-seq,7808,7935,7871,0.008104930837979205,0.18274165949453955,188174
total RNA-seq,7936,8063,7999,0.007899200500567223,0.17810306306249268,183650
total RNA-seq,8064,8191,8127,0.008397609508360592,0.1893406776716626,178654
total RNA-seq,8192,8319,8255,0.008603192911970708,0.19397596119119667,171888
total RNA-seq,8320,8447,8383,0.008350173078834634,0.18827112975998286,166247
total RNA-seq,8448,8575,8511,0.008508581570877178,0.19184276180627183,161337
total RNA-seq,8576,8703,8639,0.008852011845507268,0.19958607505115275,156068
total RNA-seq,8704,8831,8767,0.00856128773143983,0.1930311262031241,151489
total RNA-seq,8832,8959,8895,0.008237493547759355,0.18573054737730865,146372
total RNA-seq,8960,9087,9023,0.008203381869917427,0.1849614322865584,140847
total RNA-seq,9088,9215,9151,0.008061002969569618,0.18175121901679858,135475
total RNA-seq,9216,9343,9279,0.00855646312930219,0.19292234602736966,129395
total RNA-seq,9344,9471,9407,0.008584079097567698,0.19354500252750156,123691
total RNA-seq,9472,9599,9535,0.008715181542075325,0.1965009658481075,118440
total RNA-seq,9600,9727,9663,0.008868532906191237,0.19995857496587763,114443
total RNA-seq,9728,9855,9791,0.00789423096935536,0.17799101517476607,108712
total RNA-seq,9856,9983,9919,0.007991929227683384,0.18019381520026767,103557
total RNA-seq,9984,10111,10047,0.007770899486356621,0.1752102635160966,98226
total RNA-seq,10112,10239,10175,0.007680770667106759,0.17317813143165922,91617
total RNA-seq,10240,10367,10303,0.007444157191821666,0.1678432137134534,85650
total RNA-seq,10368,10495,10431,0.0072676693380306304,0.1638639467798882,79679
total RNA-seq,10496,10623,10559,0.007774306630251793,0.17528708429865314,74651
total RNA-seq,10624,10751,10687,0.008303991456400955,0.18722987395035467,68810
total RNA-seq,10752,10879,10815,0.00856592364103848,0.1931356519332333,62726
total RNA-seq,10880,11007,10943,0.008420256011436544,0.18985128777267113,57092
total RNA-seq,11008,11135,11071,0.0077792269848054535,0.1753980234015785,51962
total RNA-seq,11136,11263,11199,0.00837801818645697,0.18889895265908346,46864
total RNA-seq,11264,11391,11327,0.008144485176879709,0.18363349011905475,41162
total RNA-seq,11392,11519,11455,0.008362492953739451,0.1885489056509654,35396
total RNA-seq,11520,11647,11583,0.009379731212013433,0.2114845495366905,30392
total RNA-seq,11648,11775,11711,0.009439385866841342,0.2128295814484673,24768
total RNA-seq,11776,11903,11839,0.007353670777922092,0.16580301895198388,18552
total RNA-seq,11904,12031,11967,0.006393862252473241,0.14416224172096415,13378
total RNA-seq,12032,12159,12095,0.00890100109834146,0.20069063442855883,8209
total RNA-seq,12160,12287,12223,0.009581583004466095,0.21603569651895688,2708
