dataset,original_index,variant_key,GeneSymbol,Chromosome,Start,ReferenceAlleleVCF,AlternateAlleleVCF,variant_type,label,af_abraom,af_gnomad,specificity,specificity_bin,failure_category,M0__score,M0__prediction,M0__probability,M0__threshold,M2_gnomad_only__score,M2_gnomad_only__prediction,M2_gnomad_only__probability,M2_gnomad_only__threshold,M2_gnomad_only__gate_alpha_gnomad,M2_gnomad_only__gate_entropy,M4_dynamic_gated__score,M4_dynamic_gated__prediction,M4_dynamic_gated__probability,M4_dynamic_gated__threshold,M4_dynamic_gated__gate_alpha_abraom,M4_dynamic_gated__gate_alpha_gnomad,M4_dynamic_gated__gate_entropy,M5_dynamic_gated__score,M5_dynamic_gated__prediction,M5_dynamic_gated__probability,M5_dynamic_gated__threshold,M5_dynamic_gated__molecular_probability,M5_dynamic_gated__regional_discount,M5_dynamic_gated__gate_alpha_abraom,M5_dynamic_gated__gate_alpha_gnomad,M5_dynamic_gated__gate_entropy,M7_dynamic_scrambled__score,M7_dynamic_scrambled__prediction,M7_dynamic_scrambled__probability,M7_dynamic_scrambled__threshold,M7_dynamic_scrambled__gate_alpha_gnomad,M7_dynamic_scrambled__gate_alpha_scrambled,M7_dynamic_scrambled__gate_entropy,M5_v2_calibrated__score,M5_v2_calibrated__prediction,M5_v2_calibrated__probability,M5_v2_calibrated__threshold,M5_v2_calibrated__molecular_probability,M5_v2_calibrated__regional_discount
abraom_pathogenic_present,1406,X:13714144:A:G,TRAPPC2,X,13714144,A,G,SNV,1,0.017533,0.032601,0.015067998,"(0.01,0.05]",weak_molecular_signal,0.12592275440692902,0,0.12592275440692902,0.4311051070690155,0.15304215252399445,0,0.15304215252399445,0.5827285051345825,1.0,0.0,0.154057577252388,0,0.154057577252388,0.5636181831359863,0.5005288124084473,0.49947118759155273,0.6920945048332214,0.11757213622331619,0,0.11757213622331619,0.5122045874595642,0.22135066986083984,0.75390625,0.5022456049919128,0.49763232469558716,0.6913880705833435,0.1550784707069397,0,0.1550784707069397,0.5936092734336853,0.505922794342041,0.49395519495010376,0.6912797689437866,0.1615846743779805,0,0.10970578342676163,0.35,0.23091977834701538,0.88671875
abraom_pathogenic_present,1283,16:8848193:C:G,PMM2,16,8848193,C,G,SNV,1,0.005124,0.00559625,0.00047224993,"(0,0.001]",weak_molecular_signal,0.1919327825307846,0,0.1919327825307846,0.4311051070690155,0.17895588278770447,0,0.17895588278770447,0.5827285051345825,1.0,0.0,0.18713268637657166,0,0.18713268637657166,0.5636181831359863,0.5003042817115784,0.4998992085456848,0.6920823454856873,0.19930799305438995,0,0.19930799305438995,0.5122045874595642,0.2950267493724823,0.51953125,0.5020997524261475,0.4978595972061157,0.6913553476333618,0.17441026866436005,0,0.17441026866436005,0.5936092734336853,0.506294846534729,0.493745893239975,0.6912385821342468,0.2213507108459213,0,0.18126320838928223,0.35,0.26740819215774536,0.5
abraom_pathogenic_present,1404,9:95444117:T:A,PTCH1,9,95444117,T,A,SNV,1,0.007296,0.00612307,0.00117293,"(0.001,0.005]",weak_molecular_signal,0.13753245770931244,0,0.13753245770931244,0.4311051070690155,0.19682618975639343,0,0.19682618975639343,0.5827285051345825,1.0,0.0,0.19930799305438995,0,0.19930799305438995,0.5636181831359863,0.5004273056983948,0.4997761845588684,0.692096471786499,0.2146914303302765,0,0.2146914303302765,0.5122045874595642,0.3199707269668579,0.5390625,0.5025714635848999,0.4975099265575409,0.6913092136383057,0.19436779618263245,0,0.19436779618263245,0.5936092734336853,0.5058534741401672,0.49422794580459595,0.6912657022476196,0.23757591517005106,0,0.19436779618263245,0.35,0.28696784377098083,0.51171875
abraom_pathogenic_present,1399,9:35056077:A:G,VCP,9,35056077,A,G,SNV,1,0.005124,0.00194704,0.00317696,"(0.001,0.005]",weak_molecular_signal,0.16451646387577057,0,0.16451646387577057,0.4311051070690155,0.2120688259601593,0,0.2120688259601593,0.5827285051345825,1.0,0.0,0.2120688259601593,0,0.2120688259601593,0.5636181831359863,0.5005660057067871,0.49935266375541687,0.6921557188034058,0.25534364581108093,0,0.25534364581108093,0.5122045874595642,0.34334173798561096,0.419921875,0.5023068189620972,0.49781522154808044,0.6913625001907349,0.23370636999607086,0,0.23370636999607086,0.5936092734336853,0.5060624480247498,0.4938969016075134,0.6912492513656616,0.316791817648053,0,0.2766905128955841,0.35,0.3593641221523285,0.380859375
abraom_pathogenic_present,1300,19:7114738:C:T,INSR,19,7114738,C,T,SNV,1,0.010675,0.00924295,0.00143205,"(0.001,0.005]",weak_molecular_signal,0.15002880990505219,0,0.15002880990505219,0.4311051070690155,0.21601155400276184,0,0.21601155400276184,0.5827285051345825,1.0,0.0,0.20689405500888824,0,0.20689405500888824,0.5636181831359863,0.5001480579376221,0.4999333322048187,0.6920561790466309,0.22135066986083984,0,0.22135066986083984,0.5122045874595642,0.3199707269668579,0.50390625,0.5024345517158508,0.4974026679992676,0.6913555860519409,0.2107662856578827,0,0.2107662856578827,0.5936092734336853,0.506161093711853,0.49379822611808777,0.6912745237350464,0.2867680701132515,0,0.24798744916915894,0.35,0.328529417514801,0.392578125
abraom_pathogenic_present,1304,1:155241315:T:C,GBA1,1,155241315,T,C,SNV,1,0.015798,0.00983367,0.0059643304,"(0.005,0.01]",weak_molecular_signal,0.21733753383159637,0,0.21733753383159637,0.4311051070690155,0.23792988061904907,0,0.23792988061904907,0.5827285051345825,1.0,0.0,0.2523840367794037,0,0.2523840367794037,0.5636181831359863,0.5002220869064331,0.4996965825557709,0.6921489238739014,0.2018132209777832,0,0.2018132209777832,0.5122045874595642,0.30569732189178467,0.55859375,0.5024598836898804,0.4974181056022644,0.6913256645202637,0.23792988061904907,0,0.23792988061904907,0.5936092734336853,0.5063729286193848,0.49350500106811523,0.6913155913352966,0.25645938240182775,0,0.19682618975639343,0.35,0.3268083333969116,0.68359375
abraom_pathogenic_present,1335,2:233757013:T:G,UGT1A,2,233757013,T,G,SNV,1,0.5538,0.555094,0.0012940168,"(0.001,0.005]",weak_molecular_signal,0.16559311747550964,0,0.16559311747550964,0.4311051070690155,0.23934932053089142,0,0.23934932053089142,0.5827285051345825,1.0,0.0,0.28378137946128845,0,0.28378137946128845,0.5636181831359863,0.5007681846618652,0.49927255511283875,0.6920968890190125,0.09534945338964462,0,0.09534945338964462,0.5122045874595642,0.2133771777153015,0.953125,0.5021659731864929,0.49783405661582947,0.6913870573043823,0.24798744916915894,0,0.24798744916915894,0.5936092734336853,0.5063000321388245,0.4936999976634979,0.6912486553192139,0.16451646494743083,0,0.09268777817487717,0.35,0.24508501589298248,1.1640625
abraom_pathogenic_present,1387,9:105636282:T:A,FKTN,9,105636282,T,A,SNV,1,0.00854,0.00229791,0.00624209,"(0.005,0.01]",weak_molecular_signal,0.28219619393348694,0,0.28219619393348694,0.4311051070690155,0.25982561707496643,0,0.25982561707496643,0.5827285051345825,1.0,0.0,0.2568320035934448,0,0.2568320035934448,0.5636181831359863,0.5006917715072632,0.4991454780101776,0.6921805143356323,0.3123700022697449,0,0.3123700022697449,0.5122045874595642,0.40874865651130676,0.419921875,0.502155065536499,0.497844934463501,0.6913387775421143,0.28219619393348694,0,0.28219619393348694,0.5936092734336853,0.5067033767700195,0.49325594305992126,0.6912558078765869,0.320183250213762,0,0.2829881012439728,0.35,0.3593641221523285,0.349609375
abraom_pathogenic_present,1294,18:57580222:G:A,FECH,18,57580222,G,A,SNV,1,0.277541,0.274085,0.0034560263,"(0.001,0.005]",weak_molecular_signal,0.22135066986083984,0,0.22135066986083984,0.4311051070690155,0.2658804655075073,0,0.2658804655075073,0.5827285051345825,1.0,0.0,0.2743513584136963,0,0.2743513584136963,0.5636181831359863,0.5009560585021973,0.4990846812725067,0.6920969486236572,0.10818895697593689,0,0.10818895697593689,0.5122045874595642,0.22541658580303192,0.87890625,0.5028032064437866,0.4972781836986542,0.6912466883659363,0.25534364581108093,0,0.25534364581108093,0.5936092734336853,0.5065851807594299,0.49329277873039246,0.6912881135940552,0.18594720530148137,0,0.13568955659866333,0.35,0.24944725632667542,0.75
abraom_pathogenic_present,1334,2:233681881:T:G,UGT1A,2,233681881,T,G,SNV,1,0.347139,0.340712,0.00642699,"(0.005,0.01]",weak_molecular_signal,0.15304215252399445,0,0.15304215252399445,0.4311051070690155,0.272024542093277,0,0.272024542093277,0.5827285051345825,1.0,0.0,0.30239108204841614,0,0.30239108204841614,0.5636181831359863,0.5016693472862244,0.4982493817806244,0.6921481490135193,0.09807931631803513,0,0.09807931631803513,0.5122045874595642,0.20817892253398895,0.890625,0.5019447207450867,0.4981366991996765,0.691394567489624,0.26971012353897095,0,0.26971012353897095,0.5936092734336853,0.5061411261558533,0.4938589036464691,0.6912399530410767,0.1592174000306186,0,0.09268777817487717,0.35,0.23792988061904907,1.1171875
abraom_pathogenic_present,1256,11:31789578:A:T,PAX6,11,31789578,A,T,SNV,1,0.007798,0.00921049,0.0014124899,"(0.001,0.005]",weak_molecular_signal,0.15002880990505219,0,0.15002880990505219,0.4311051070690155,0.272024542093277,0,0.272024542093277,0.5827285051345825,1.0,0.0,0.270480215549469,0,0.270480215549469,0.5636181831359863,0.4995748996734619,0.5003844499588013,0.6921276450157166,0.24077458679676056,0,0.24077458679676056,0.5122045874595642,0.333720326423645,0.45703125,0.5024582147598267,0.4974604547023773,0.6913661360740662,0.2613309323787689,0,0.2613309323787689,0.5936092734336853,0.5059843063354492,0.4939750134944916,0.6912555694580078,0.2618968688403776,0,0.22541658580303192,0.35,0.3015677034854889,0.392578125
abraom_pathogenic_present,1260,11:46739505:G:A,F2,11,46739505,G,A,SNV,1,0.017079,0.00956639,0.0075126095,"(0.005,0.01]",weak_molecular_signal,0.18010666966438293,0,0.18010666966438293,0.4311051070690155,0.2759094536304474,0,0.2759094536304474,0.5827285051345825,1.0,0.0,0.2628418207168579,0,0.2628418207168579,0.5636181831359863,0.5005346536636353,0.49942469596862793,0.6921104192733765,0.22270013391971588,0,0.22270013391971588,0.5122045874595642,0.3345894515514374,0.56640625,0.5031102895736694,0.49701184034347534,0.6913058161735535,0.272024542093277,0,0.272024542093277,0.5936092734336853,0.5065184831619263,0.4932781159877777,0.6913379430770874,0.28616923827108126,0,0.24508501589298248,0.35,0.3302551507949829,0.4140625
abraom_pathogenic_present,1391,9:105639042:T:C,FKTN,9,105639042,T,C,SNV,1,0.020068,0.0267612,0.006693201,"(0.005,0.01]",weak_molecular_signal,0.18476751446723938,0,0.18476751446723938,0.4311051070690155,0.2845759987831116,0,0.2845759987831116,0.5827285051345825,1.0,0.0,0.30239108204841614,0,0.30239108204841614,0.5636181831359863,0.5006176233291626,0.499301016330719,0.6921539306640625,0.18010666966438293,0,0.18010666966438293,0.5122045874595642,0.2925952970981598,0.63671875,0.501676082611084,0.498323917388916,0.6913546919822693,0.2885690927505493,0,0.2885690927505493,0.5936092734336853,0.506332278251648,0.49366772174835205,0.6912092566490173,0.23057307258113946,0,0.16885694861412048,0.35,0.30569732189178467,0.76953125
abraom_pathogenic_present,1384,9:105635214:A:G,FKTN,9,105635214,A,G,SNV,1,0.011529,0.00852821,0.0030007893,"(0.001,0.005]",weak_molecular_signal,0.1677633374929428,0,0.1677633374929428,0.4311051070690155,0.2885690927505493,0,0.2885690927505493,0.5827285051345825,1.0,0.0,0.3090237081050873,0,0.3090237081050873,0.5636181831359863,0.5006720423698425,0.49928730726242065,0.6921498775482178,0.2120688259601593,0,0.2120688259601593,0.5122045874595642,0.3048688769340515,0.484375,0.5020369291305542,0.4980851411819458,0.6913108229637146,0.3090237081050873,0,0.3090237081050873,0.5936092734336853,0.506550669670105,0.4934086203575134,0.691243052482605,0.2796317191210154,0,0.2351083904504776,0.35,0.328529417514801,0.462890625
abraom_pathogenic_present,1322,1:55063659:C:T,PCSK9,1,55063659,C,T,SNV,1,0.021776,0.0224843,0.0007083006,"(0,0.001]",weak_molecular_signal,0.18952108919620514,0,0.18952108919620514,0.4311051070690155,0.29178744554519653,0,0.29178744554519653,0.5827285051345825,1.0,0.0,0.2658804655075073,0,0.2658804655075073,0.5636181831359863,0.5008808374404907,0.49915990233421326,0.6921457052230835,0.18359363079071045,0,0.18359363079071045,0.5122045874595642,0.28537195920944214,0.57421875,0.5023140907287598,0.49776729941368103,0.691257119178772,0.2766905128955841,0,0.2766905128955841,0.5936092734336853,0.5059967041015625,0.4938405454158783,0.6913388967514038,0.24744149082402783,0,0.20817892253398895,0.35,0.29178744554519653,0.451171875
abraom_pathogenic_present,1255,11:31786766:G:A,PAX6,11,31786766,G,A,SNV,1,0.006832,0.00292866,0.0039033398,"(0.001,0.005]",weak_molecular_signal,0.2422056347131729,0,0.2422056347131729,0.4311051070690155,0.2958398759365082,0,0.2958398759365082,0.5827285051345825,1.0,0.0,0.2743513584136963,0,0.2743513584136963,0.5636181831359863,0.5002112984657288,0.4997480511665344,0.6921482086181641,0.2658804655075073,0,0.2658804655075073,0.5122045874595642,0.37937837839126587,0.52734375,0.5023589134216309,0.49751901626586914,0.6914343237876892,0.2901756167411804,0,0.2901756167411804,0.5936092734336853,0.5062085390090942,0.49375078082084656,0.6912370920181274,0.2875677129197076,0,0.24508501589298248,0.35,0.3345894515514374,0.439453125
abraom_pathogenic_present,1337,2:38984515:T:C,SOS1,2,38984515,T,C,SNV,1,0.005978,0.00324339,0.0027346099,"(0.001,0.005]",weak_molecular_signal,0.188323974609375,0,0.188323974609375,0.4311051070690155,0.29665425419807434,0,0.29665425419807434,0.5827285051345825,1.0,0.0,0.30569732189178467,0,0.30569732189178467,0.5636181831359863,0.5004408359527588,0.4995998740196228,0.6920670866966248,0.2934044599533081,0,0.2934044599533081,0.5122045874595642,0.38722676038742065,0.419921875,0.5023990869522095,0.4975195527076721,0.6913816928863525,0.30239108204841614,0,0.30239108204841614,0.5936092734336853,0.506004810333252,0.494035929441452,0.6912186145782471,0.33851433709884515,0,0.2958398759365082,0.35,0.38444983959198,0.3984375
abraom_pathogenic_present,1297,19:35282425:C:T,HAMP,19,35282425,C,T,SNV,1,0.00854,0.00279777,0.0057422295,"(0.005,0.01]",weak_molecular_signal,0.2240554392337799,0,0.2240554392337799,0.4311051070690155,0.29828691482543945,0,0.29828691482543945,0.5827285051345825,1.0,0.0,0.3015677034854889,0,0.3015677034854889,0.5636181831359863,0.5003777146339417,0.49950024485588074,0.6921517252922058,0.25982561707496643,0,0.25982561707496643,0.5122045874595642,0.3584653437137604,0.462890625,0.5024901628494263,0.4974691867828369,0.6913613080978394,0.27747300267219543,0,0.27747300267219543,0.5936092734336853,0.506416916847229,0.493501752614975,0.6912961006164551,0.30300947196047456,0,0.2658804655075073,0.35,0.34246158599853516,0.361328125
abraom_pathogenic_present,1403,9:72836156:A:G,TMC1,9,72836156,A,G,SNV,1,0.039283,0.024831,0.014451999,"(0.01,0.05]",weak_molecular_signal,0.28140559792518616,0,0.28140559792518616,0.4311051070690155,0.2991051971912384,0,0.2991051971912384,0.5827285051345825,1.0,0.0,0.319121390581131,0,0.319121390581131,0.5636181831359863,0.5008238554000854,0.49897274374961853,0.6921857595443726,0.18952108919620514,0,0.18952108919620514,0.5122045874595642,0.2991051971912384,0.60546875,0.502295732498169,0.497785747051239,0.6913935542106628,0.32766830921173096,0,0.32766830921173096,0.5936092734336853,0.5061478018760681,0.4936487674713135,0.6912714242935181,0.2628418463335602,0,0.2018132209777832,0.35,0.3345894515514374,0.6875
abraom_pathogenic_present,1394,9:105640842:G:A,FKTN,9,105640842,G,A,SNV,1,0.005978,0.00748239,0.00150439,"(0.001,0.005]",weak_molecular_signal,0.15921740233898163,0,0.15921740233898163,0.4311051070690155,0.30321571230888367,0,0.30321571230888367,0.5827285051345825,1.0,0.0,0.2751297354698181,0,0.2751297354698181,0.5636181831359863,0.5006617903709412,0.4992161691188812,0.6921316981315613,0.24508501589298248,0,0.24508501589298248,0.5122045874595642,0.3584653437137604,0.5390625,0.5022534132003784,0.49778732657432556,0.6914463043212891,0.29992473125457764,0,0.29992473125457764,0.5936092734336853,0.5061900019645691,0.4937693476676941,0.6912330389022827,0.27786472800329964,0,0.23651622235774994,0.35,0.32338011264801025,0.43359375
abraom_pathogenic_present,1380,8:64596305:A:C,CYP7B1,8,64596305,A,C,SNV,1,0.024338,0.0228711,0.0014669001,"(0.001,0.005]",weak_molecular_signal,0.21601155400276184,0,0.21601155400276184,0.4311051070690155,0.3106943964958191,0,0.3106943964958191,0.5827285051345825,1.0,0.0,0.32082128524780273,0,0.32082128524780273,0.5636181831359863,0.5009303092956543,0.4991104006767273,0.6920605897903442,0.20817892253398895,0,0.20817892253398895,0.5122045874595642,0.3090237081050873,0.53125,0.5020508170127869,0.49798986315727234,0.6914388537406921,0.31573596596717834,0,0.31573596596717834,0.5936092734336853,0.5058560371398926,0.4942660331726074,0.6911696195602417,0.28417852915777625,0,0.23651622235774994,0.35,0.3372035324573517,0.49609375
abraom_pathogenic_present,1257,11:31793814:G:A,PAX6,11,31793814,G,A,SNV,1,0.072588,0.0615867,0.011001296,"(0.01,0.05]",weak_molecular_signal,0.2146914303302765,0,0.2146914303302765,0.4311051070690155,0.31573596596717834,0,0.31573596596717834,0.5827285051345825,1.0,0.0,0.3106943964958191,0,0.3106943964958191,0.5636181831359863,0.5004169940948486,0.49954235553741455,0.6921508312225342,0.14804719388484955,0,0.14804719388484955,0.5122045874595642,0.2658804655075073,0.73828125,0.502497673034668,0.4975837469100952,0.6912835836410522,0.32167303562164307,0,0.32167303562164307,0.5936092734336853,0.5059637427330017,0.4940362870693207,0.6912350654602051,0.21866938666149474,0,0.1710611879825592,0.35,0.2751297354698181,0.609375
abraom_pathogenic_present,1377,8:11564446:T:G,BLK,8,11564446,T,G,SNV,1,0.006832,0.00414189,0.00269011,"(0.001,0.005]",weak_molecular_signal,0.23934932053089142,0,0.23934932053089142,0.4311051070690155,0.31573596596717834,0,0.31573596596717834,0.5827285051345825,1.0,0.0,0.33982762694358826,0,0.33982762694358826,0.5636181831359863,0.5003084540367126,0.4998543858528137,0.6920956373214722,0.2901756167411804,0,0.2901756167411804,0.5122045874595642,0.38537469506263733,0.427734375,0.5029572248458862,0.49704277515411377,0.6914073824882507,0.3302551507949829,0,0.3302551507949829,0.5936092734336853,0.506331205368042,0.493709534406662,0.691280722618103,0.33633105423159154,0,0.29992473125457764,0.35,0.3747906982898712,0.3359375
abraom_pathogenic_present,1388,9:105636902:A:G,FKTN,9,105636902,A,G,SNV,1,0.006832,0.00913998,0.0023079803,"(0.001,0.005]",weak_molecular_signal,0.3720487952232361,0,0.3720487952232361,0.4311051070690155,0.31573596596717834,0,0.31573596596717834,0.5827285051345825,1.0,0.0,0.34775856137275696,0,0.34775856137275696,0.5636181831359863,0.500884473323822,0.49899348616600037,0.6921570301055908,0.24508501589298248,0,0.24508501589298248,0.5122045874595642,0.3459886312484741,0.490234375,0.501901388168335,0.49813932180404663,0.6913461685180664,0.333720326423645,0,0.333720326423645,0.5936092734336853,0.5066706538200378,0.49332937598228455,0.6912320852279663,0.3015676868730979,0,0.2538610100746155,0.35,0.35398629307746887,0.4765625
abraom_pathogenic_present,1292,18:2919855:G:A,LPIN2,18,2919855,G,A,SNV,1,0.007686,0.00854246,0.00085646054,"(0,0.001]",weak_molecular_signal,0.2751297354698181,0,0.2751297354698181,0.4311051070690155,0.32167303562164307,0,0.32167303562164307,0.5827285051345825,1.0,0.0,0.32082128524780273,0,0.32082128524780273,0.5636181831359863,0.500548779964447,0.49961400032043457,0.6921274065971375,0.2759094536304474,0,0.2759094536304474,0.5122045874595642,0.38029852509498596,0.4765625,0.5022076368331909,0.49779242277145386,0.6913173198699951,0.3242354094982147,0,0.3242354094982147,0.5936092734336853,0.505626380443573,0.4944143295288086,0.691236674785614,0.3220993697226744,0,0.28616926074028015,0.35,0.3602639436721802,0.33984375
abraom_pathogenic_present,1389,9:105637477:A:G,FKTN,9,105637477,A,G,SNV,1,0.006832,0.00653239,0.00029960973,"(0,0.001]",weak_molecular_signal,0.35488009452819824,0,0.35488009452819824,0.4311051070690155,0.3250918686389923,0,0.3250918686389923,0.5827285051345825,1.0,0.0,0.33982762694358826,0,0.33982762694358826,0.5636181831359863,0.5004979372024536,0.4993392825126648,0.6921749114990234,0.2782568037509918,0,0.2782568037509918,0.5122045874595642,0.37662312388420105,0.451171875,0.5015026926994324,0.4984973073005676,0.6913726329803467,0.3593641221523285,0,0.3593641221523285,0.5936092734336853,0.5064640045166016,0.49349531531333923,0.6912134885787964,0.33198543683687143,0,0.28616926074028015,0.35,0.38168036937713623,0.43359375
abraom_pathogenic_present,1279,16:27403181:G:A,IL21R,16,27403181,G,A,SNV,1,0.006832,0.00861571,0.00178371,"(0.001,0.005]",weak_molecular_signal,0.332852303981781,0,0.332852303981781,0.4311051070690155,0.3345894515514374,0,0.3345894515514374,0.5827285051345825,1.0,0.0,0.3407045006752014,0,0.3407045006752014,0.5636181831359863,0.5002437829971313,0.49971553683280945,0.6921712756156921,0.24944725632667542,0,0.24944725632667542,0.5122045874595642,0.36296918988227844,0.5390625,0.5024476051330566,0.49759310483932495,0.6912873983383179,0.3407045006752014,0,0.3407045006752014,0.5936092734336853,0.506432294845581,0.49348634481430054,0.6913080215454102,0.2845759896811153,0,0.24508501589298248,0.35,0.328529417514801,0.4140625
abraom_pathogenic_present,1361,5:132868552:A:C,UQCRQ,5,132868552,A,C,SNV,1,0.011121,0.00569451,0.00542649,"(0.005,0.01]",weak_molecular_signal,0.2436424344778061,0,0.2436424344778061,0.4311051070690155,0.3372035324573517,0,0.3372035324573517,0.5827285051345825,1.0,0.0,0.36116471886634827,0,0.36116471886634827,0.5636181831359863,0.500388503074646,0.4996928870677948,0.6920744776725769,0.27747300267219543,0,0.27747300267219543,0.5122045874595642,0.3789186179637909,0.462890625,0.5025442242622375,0.49757787585258484,0.6912927627563477,0.3319854736328125,0,0.3319854736328125,0.5936092734336853,0.5065973997116089,0.4933619499206543,0.6912874579429626,0.3495327319439567,0,0.3007456064224243,0.35,0.4016878008842468,0.4453125
abraom_pathogenic_present,1392,9:105640089:T:C,FKTN,9,105640089,T,C,SNV,1,0.011529,0.013964,0.0024350006,"(0.001,0.005]",weak_molecular_signal,0.333720326423645,0,0.333720326423645,0.4311051070690155,0.3407045006752014,0,0.3407045006752014,0.5827285051345825,1.0,0.0,0.3656831681728363,0,0.3656831681728363,0.5636181831359863,0.5006599426269531,0.49925869703292847,0.692147970199585,0.23651622235774994,0,0.23651622235774994,0.5122045874595642,0.3486451208591461,0.546875,0.5021195411682129,0.4981245994567871,0.6913296580314636,0.35309353470802307,0,0.35309353470802307,0.5936092734336853,0.5062018632888794,0.4937981963157654,0.6912169456481934,0.27048023080753575,0,0.21733753383159637,0.35,0.3319854736328125,0.5859375
abraom_pathogenic_present,1397,9:2643148:C:T,VLDLR,9,2643148,C,T,SNV,1,0.005551,0.00592299,0.0003719898,"(0,0.001]",weak_molecular_signal,0.2658804655075073,0,0.2658804655075073,0.4311051070690155,0.3407045006752014,0,0.3407045006752014,0.5827285051345825,1.0,0.0,0.3363310694694519,0,0.3363310694694519,0.5636181831359863,0.5016598701477051,0.4983401298522949,0.6921296119689941,0.2146914303302765,0,0.2146914303302765,0.5122045874595642,0.3132096529006958,0.51171875,0.5029564499855042,0.49696215987205505,0.6913596391677856,0.3123700022697449,0,0.3123700022697449,0.5936092734336853,0.5060617327690125,0.49377554655075073,0.6913033723831177,0.2714447721927637,0,0.23091977834701538,0.35,0.31573596596717834,0.427734375
abraom_pathogenic_present,1393,9:105640781:T:C,FKTN,9,105640781,T,C,SNV,1,0.008113,0.011316,0.003203,"(0.001,0.005]",unresolved_false_benign,0.18594719469547272,0,0.18594719469547272,0.4311051070690155,0.35042136907577515,0,0.35042136907577515,0.5827285051345825,1.0,0.0,0.3442229926586151,0,0.3442229926586151,0.5636181831359863,0.5007134675979614,0.49920523166656494,0.6921354532241821,0.23370636999607086,0,0.23370636999607086,0.5122045874595642,0.33982762694358826,0.52734375,0.5020773410797119,0.49804481863975525,0.6914026737213135,0.35220175981521606,0,0.35220175981521606,0.5936092734336853,0.5059796571731567,0.49393898248672485,0.6912418603897095,0.28577041324257,0,0.23091977834701538,0.35,0.34775856137275696,0.57421875
abraom_pathogenic_present,1396,9:2622077:C:G,VLDLR,9,2622077,C,G,SNV,1,0.008113,0.0113764,0.0032634,"(0.001,0.005]",unresolved_false_benign,0.2030746340751648,0,0.2030746340751648,0.4311051070690155,0.351311057806015,0,0.351311057806015,0.5827285051345825,1.0,0.0,0.36206647753715515,0,0.36206647753715515,0.5636181831359863,0.5004145503044128,0.49966686964035034,0.6920604109764099,0.23934932053089142,0,0.23934932053089142,0.5122045874595642,0.33982762694358826,0.494140625,0.5035858154296875,0.4964141845703125,0.6912791728973389,0.3602639436721802,0,0.3602639436721802,0.5936092734336853,0.5059284567832947,0.4939902424812317,0.6913495063781738,0.2505458732488779,0,0.2146914303302765,0.35,0.29098087549209595,0.41015625
abraom_pathogenic_present,1268,12:5967474:A:G,VWF,12,5967474,A,G,SNV,1,0.009394,0.00808804,0.0013059601,"(0.001,0.005]",unresolved_false_benign,0.25982561707496643,0,0.25982561707496643,0.4311051070690155,0.35488009452819824,0,0.35488009452819824,0.5827285051345825,1.0,0.0,0.37387579679489136,0,0.37387579679489136,0.5636181831359863,0.5006389617919922,0.4994017481803894,0.6921616792678833,0.23231014609336853,0,0.23231014609336853,0.5122045874595642,0.32338011264801025,0.45703125,0.5026764869689941,0.49744564294815063,0.6913141012191772,0.378459095954895,0,0.378459095954895,0.5936092734336853,0.5059173107147217,0.49408265948295593,0.6912958025932312,0.29522995093994336,0,0.25534364581108093,0.35,0.33895185589790344,0.404296875
abraom_pathogenic_present,1385,9:105636070:G:C,FKTN,9,105636070,G,C,SNV,1,0.007692,0.00918601,0.00149401,"(0.001,0.005]",unresolved_false_benign,0.3593641221523285,0,0.3593641221523285,0.4311051070690155,0.35488009452819824,0,0.35488009452819824,0.5827285051345825,1.0,0.0,0.3557748794555664,0,0.3557748794555664,0.5636181831359863,0.5005922913551331,0.49932634830474854,0.6921553015708923,0.25982561707496643,0,0.25982561707496643,0.5122045874595642,0.3647775650024414,0.494140625,0.5020228624343872,0.4978550672531128,0.6913920640945435,0.3720487952232361,0,0.3720487952232361,0.5936092734336853,0.5067346096038818,0.4932653605937958,0.6912330389022827,0.25813893497993257,0,0.21601155400276184,0.35,0.3048688769340515,0.462890625
abraom_pathogenic_present,1295,19:10759823:C:A,DNM2,19,10759823,C,A,SNV,1,0.005978,0.00932424,0.0033462397,"(0.001,0.005]",unresolved_false_benign,0.24077458679676056,0,0.24077458679676056,0.4311051070690155,0.35488009452819824,0,0.35488009452819824,0.5827285051345825,1.0,0.0,0.35398629307746887,0,0.35398629307746887,0.5636181831359863,0.5001643300056458,0.49983569979667664,0.6920883059501648,0.20946967601776123,0,0.20946967601776123,0.5122045874595642,0.31658050417900085,0.5625,0.5026278495788574,0.49753496050834656,0.6912943720817566,0.33982762694358826,0,0.33982762694358826,0.5936092734336853,0.506874680519104,0.49312537908554077,0.6912784576416016,0.25945019017812654,0,0.21733753383159637,0.35,0.30569732189178467,0.45703125
abraom_pathogenic_present,1386,9:105636082:C:T,FKTN,9,105636082,C,T,SNV,1,0.006832,0.0106621,0.0038301004,"(0.001,0.005]",unresolved_false_benign,0.3048688769340515,0,0.3048688769340515,0.4311051070690155,0.3665897250175476,0,0.3665897250175476,0.5827285051345825,1.0,0.0,0.37022536993026733,0,0.37022536993026733,0.5636181831359863,0.5005873441696167,0.4992906451225281,0.6921733617782593,0.25534364581108093,0,0.25534364581108093,0.5122045874595642,0.35309353470802307,0.462890625,0.5022071599960327,0.4978742301464081,0.6913122534751892,0.36840569972991943,0,0.36840569972991943,0.5936092734336853,0.5066319108009338,0.49328672885894775,0.6912664771080017,0.30673465712502385,0,0.26740819215774536,0.35,0.3486451208591461,0.380859375
abraom_pathogenic_present,1287,17:41754717:C:G,JUP,17,41754717,C,G,SNV,1,0.007259,0.00584983,0.0014091702,"(0.001,0.005]",unresolved_false_benign,0.17328819632530212,0,0.17328819632530212,0.4311051070690155,0.3674972355365753,0,0.3674972355365753,0.5827285051345825,1.0,0.0,0.44191381335258484,0,0.44191381335258484,0.5636181831359863,0.4996785819530487,0.5002400875091553,0.6921135187149048,0.3293917179107666,0,0.3293917179107666,0.5122045874595642,0.4148988425731659,0.365234375,0.5028361082077026,0.49728602170944214,0.6912715435028076,0.4196479320526123,0,0.4196479320526123,0.5936092734336853,0.5062081813812256,0.4938732087612152,0.6912664175033569,0.3422416721566253,0,0.3106943964958191,0.35,0.37570643424987793,0.291015625
abraom_pathogenic_present,1383,9:105615421:G:A,FKTN,9,105615421,G,A,SNV,1,0.011529,0.00849272,0.0030362792,"(0.001,0.005]",common_plp_recessive_or_founder_review,0.23792988061904907,0,0.23792988061904907,0.4311051070690155,0.37387579679489136,0,0.37387579679489136,0.5827285051345825,1.0,0.0,0.3638729155063629,0,0.3638729155063629,0.5636181831359863,0.5012714266777039,0.49876928329467773,0.6921199560165405,0.21601155400276184,0,0.21601155400276184,0.5122045874595642,0.33111974596977234,0.5859375,0.5018637180328369,0.4981769919395447,0.6913749575614929,0.3674972355365753,0,0.3674972355365753,0.5936092734336853,0.5062898397445679,0.4937102198600769,0.6911917924880981,0.2907794352468616,0,0.24798744916915894,0.35,0.3380771279335022,0.439453125
abraom_pathogenic_present,1332,2:169289151:C:T,LRP2,2,169289151,C,T,SNV,1,0.00854,0.00729951,0.00124049,"(0.001,0.005]",unresolved_false_benign,0.25534364581108093,0,0.25534364581108093,0.4311051070690155,0.37387579679489136,0,0.37387579679489136,0.5827285051345825,1.0,0.0,0.39094078540802,0,0.39094078540802,0.5636181831359863,0.5005207061767578,0.49952003359794617,0.6921278834342957,0.23091977834701538,0,0.23091977834701538,0.5122045874595642,0.332852303981781,0.50390625,0.5022162199020386,0.4975396394729614,0.6914801597595215,0.3584653437137604,0,0.3584653437137604,0.5936092734336853,0.5058333277702332,0.49412602186203003,0.6912314891815186,0.2800253457202254,0,0.23934932053089142,0.35,0.3242354094982147,0.419921875
abraom_pathogenic_present,1350,3:32996726:C:T,GLB1,3,32996726,C,T,SNV,1,0.00854,0.00820511,0.00033488963,"(0,0.001]",unresolved_false_benign,0.2628418207168579,0,0.2628418207168579,0.4311051070690155,0.37387579679489136,0,0.37387579679489136,0.5827285051345825,1.0,0.0,0.378459095954895,0,0.378459095954895,0.5636181831359863,0.5005612373352051,0.4993574023246765,0.6921202540397644,0.3106943964958191,0,0.3106943964958191,0.5122045874595642,0.4030968248844147,0.404296875,0.5023337006568909,0.4977883994579315,0.6913362741470337,0.38769033551216125,0,0.38769033551216125,0.5936092734336853,0.5059027671813965,0.4940972328186035,0.6912448406219482,0.3539862879067277,1,0.319121390581131,0.35,0.3900110721588135,0.30859375
abraom_pathogenic_present,1247,10:53866865:G:A,PCDH15,10,53866865,G,A,SNV,1,0.005551,0.00407424,0.00147676,"(0.001,0.005]",unresolved_false_benign,0.28378137946128845,0,0.28378137946128845,0.4311051070690155,0.3849121630191803,0,0.3849121630191803,0.5827285051345825,1.0,0.0,0.39094078540802,0,0.39094078540802,0.5636181831359863,0.5005834102630615,0.49933522939682007,0.6921519041061401,0.2766905128955841,0,0.2766905128955841,0.5122045874595642,0.3835258483886719,0.486328125,0.5022091269493103,0.49783164262771606,0.6914255619049072,0.39140594005584717,0,0.39140594005584717,0.5936092734336853,0.5060065984725952,0.49383068084716797,0.6912442445755005,0.305075855534705,0,0.26435837149620056,0.35,0.34953272342681885,0.404296875
abraom_pathogenic_present,1330,2:127053411:G:A,BIN1,2,127053411,G,A,SNV,1,0.005124,0.00880959,0.0036855899,"(0.001,0.005]",unresolved_false_benign,0.28696784377098083,0,0.28696784377098083,0.4311051070690155,0.38954657316207886,0,0.38954657316207886,0.5827285051345825,1.0,0.0,0.378459095954895,0,0.378459095954895,0.5636181831359863,0.4999030530452728,0.49997496604919434,0.6922216415405273,0.2186693549156189,0,0.2186693549156189,0.5122045874595642,0.3354596793651581,0.58984375,0.5025731325149536,0.4974268674850464,0.6912283897399902,0.37387579679489136,0,0.37387579679489136,0.5936092734336853,0.5061494708061218,0.49376916885375977,0.6913341283798218,0.2802222678316564,0,0.23934932053089142,0.35,0.3259495198726654,0.43359375
abraom_pathogenic_present,1288,17:41754891:G:A,JUP,17,41754891,G,A,SNV,1,0.01281,0.0147513,0.0019413,"(0.001,0.005]",common_plp_recessive_or_founder_review,0.23231014609336853,0,0.23231014609336853,0.4311051070690155,0.39326852560043335,0,0.39326852560043335,0.5827285051345825,1.0,0.0,0.3720487952232361,0,0.3720487952232361,0.5636181831359863,0.4996572434902191,0.5003427863121033,0.6920792460441589,0.3007456064224243,0,0.3007456064224243,0.5122045874595642,0.39981165528297424,0.439453125,0.5028071999549866,0.4973149001598358,0.6912562251091003,0.3965354263782501,0,0.3965354263782501,0.5936092734336853,0.5062200427055359,0.4937393069267273,0.6913053393363953,0.33176892989882617,0,0.29746994376182556,0.35,0.36840569972991943,0.322265625
abraom_pathogenic_present,1315,1:55038977:G:A,PCSK9,1,55038977,G,A,SNV,1,0.60333,0.65495,0.051620007,"(0.05,0.1]",common_plp_recessive_or_founder_review,0.23651622235774994,0,0.23651622235774994,0.4311051070690155,0.39466747641563416,0,0.39466747641563416,0.5827285051345825,1.0,0.0,0.3821414113044739,0,0.3821414113044739,0.5636181831359863,0.5004922151565552,0.49975189566612244,0.6919876337051392,0.1276526302099228,0,0.1276526302099228,0.5122045874595642,0.2538610100746155,0.84375,0.5028856992721558,0.4971550405025482,0.6913474798202515,0.38722676038742065,0,0.38722676038742065,0.5936092734336853,0.5063989162445068,0.49360108375549316,0.6913160085678101,0.20370751308222307,0,0.15713684260845184,0.35,0.25982561707496643,0.6328125
abraom_pathogenic_present,1318,1:55052420:G:A,PCSK9,1,55052420,G,A,SNV,1,0.054227,0.0403356,0.013891399,"(0.01,0.05]",common_plp_recessive_or_founder_review,0.2689414322376251,0,0.2689414322376251,0.4311051070690155,0.3956010639667511,0,0.3956010639667511,0.5827285051345825,1.0,0.0,0.3904758393764496,0,0.3904758393764496,0.5636181831359863,0.5006359815597534,0.4992012679576874,0.6922287940979004,0.18242552876472473,0,0.18242552876472473,0.5122045874595642,0.29828691482543945,0.6484375,0.502364456653595,0.4978390634059906,0.6913245916366577,0.3904758393764496,0,0.3904758393764496,0.5936092734336853,0.5058728456497192,0.49412721395492554,0.6912579536437988,0.23161422093812284,0,0.18594719469547272,0.35,0.2845759987831116,0.5546875
abraom_pathogenic_present,1379,8:27479252:A:T,CHRNA2,8,27479252,A,T,SNV,1,0.054748,0.0443965,0.010351498,"(0.01,0.05]",common_plp_recessive_or_founder_review,0.13386748731136322,0,0.13386748731136322,0.4311051070690155,0.39606815576553345,0,0.39606815576553345,0.5827285051345825,1.0,0.0,0.4016878008842468,0,0.4016878008842468,0.5636181831359863,0.4997730255126953,0.5002269744873047,0.6921011805534363,0.1710611879825592,0,0.1710611879825592,0.5122045874595642,0.27747300267219543,0.625,0.5026226043701172,0.4973367154598236,0.6914448142051697,0.3459886312484741,0,0.3459886312484741,0.5936092734336853,0.5063767433166504,0.4937453866004944,0.6912137269973755,0.1913276794564881,0,0.14706450700759888,0.35,0.24508501589298248,0.6328125
abraom_pathogenic_present,1254,11:2165659:G:A,INS,11,2165659,G,A,SNV,1,0.008113,0.0101306,0.0020176005,"(0.001,0.005]",unresolved_false_benign,0.2901756167411804,0,0.2901756167411804,0.4311051070690155,0.39840641617774963,0,0.39840641617774963,0.5827285051345825,1.0,0.0,0.3886180520057678,0,0.3886180520057678,0.5636181831359863,0.4998819828033447,0.5001180171966553,0.6920931339263916,0.24077458679676056,0,0.24077458679676056,0.5122045874595642,0.35220175981521606,0.5390625,0.5035972595214844,0.4965248107910156,0.6912902593612671,0.3993430435657501,0,0.3993430435657501,0.5936092734336853,0.5064032077789307,0.4935561418533325,0.691330075263977,0.2747403602420132,0,0.23370636999607086,0.35,0.3199707269668579,0.43359375
abraom_pathogenic_present,1405,X:101375133:G:A,BTK,X,101375133,G,A,SNV,1,0.005219,0.00605188,0.0008328799,"(0,0.001]",unresolved_false_benign,0.25982561707496643,0,0.25982561707496643,0.4311051070690155,0.3988746404647827,0,0.3988746404647827,0.5827285051345825,1.0,0.0,0.4059196412563324,0,0.4059196412563324,0.5636181831359863,0.5004302263259888,0.499569833278656,0.6921277046203613,0.2523840367794037,0,0.2523840367794037,0.5122045874595642,0.3638729155063629,0.52734375,0.5024527907371521,0.4974251687526703,0.6913914680480957,0.39606815576553345,0,0.39606815576553345,0.5936092734336853,0.5060897469520569,0.4938696026802063,0.6912336349487305,0.3155250271073737,0,0.2766905128955841,0.35,0.35756751894950867,0.376953125
abraom_pathogenic_present,1390,9:105637562:C:G,FKTN,9,105637562,C,G,SNV,1,0.011529,0.0137141,0.0021851007,"(0.001,0.005]",common_plp_recessive_or_founder_review,0.5590493679046631,1,0.5590493679046631,0.4311051070690155,0.40262696146965027,0,0.40262696146965027,0.5827285051345825,1.0,0.0,0.4201236963272095,0,0.4201236963272095,0.5636181831359863,0.5004856586456299,0.4993922710418701,0.692162036895752,0.23370636999607086,0,0.23370636999607086,0.5122045874595642,0.3363310694694519,0.5078125,0.5016219019889832,0.49854087829589844,0.6913241744041443,0.4234579801559448,0,0.4234579801559448,0.5936092734336853,0.5064526796340942,0.4935881495475769,0.6911966800689697,0.2391716133543386,0,0.1980641782283783,0.35,0.28616926074028015,0.486328125
abraom_pathogenic_present,1359,4:25160529:G:A,SEPSECS,4,25160529,G,A,SNV,1,0.005978,0.00794443,0.0019664303,"(0.001,0.005]",unresolved_false_benign,0.2583259642124176,0,0.2583259642124176,0.4311051070690155,0.4101654887199402,0,0.4101654887199402,0.5827285051345825,1.0,0.0,0.38630032539367676,0,0.38630032539367676,0.5636181831359863,0.5004372596740723,0.49956274032592773,0.6921428442001343,0.2798284888267517,0,0.2798284888267517,0.5122045874595642,0.3956010639667511,0.5234375,0.5027025938034058,0.49733811616897583,0.6913237571716309,0.403566837310791,0,0.403566837310791,0.5936092734336853,0.5062349438667297,0.49376508593559265,0.6912485957145691,0.30424838265694704,0,0.26740819215774536,0.35,0.3442229926586151,0.365234375
abraom_pathogenic_present,1317,1:55039978:C:T,PCSK9,1,55039978,C,T,SNV,1,0.016652,0.0083341,0.008317899,"(0.005,0.01]",common_plp_recessive_or_founder_review,0.31489261984825134,0,0.31489261984825134,0.4311051070690155,0.41584742069244385,0,0.41584742069244385,0.5827285051345825,1.0,0.0,0.418221652507782,0,0.418221652507782,0.5636181831359863,0.5005900859832764,0.4994506239891052,0.6920730471611023,0.28776782751083374,0,0.28776782751083374,0.5122045874595642,0.3858373761177063,0.439453125,0.502769947052002,0.49718937277793884,0.6913617849349976,0.39981165528297424,0,0.39981165528297424,0.5936092734336853,0.5064888000488281,0.49367398023605347,0.691248893737793,0.3345894689863166,0,0.29828691482543945,0.35,0.3729618787765503,0.3359375
abraom_pathogenic_present,1263,11:72080605:G:A,LRTOMT,11,72080605,G,A,SNV,1,0.00854,0.00630343,0.0022365698,"(0.001,0.005]",unresolved_false_benign,0.28776782751083374,0,0.28776782751083374,0.4311051070690155,0.4196479320526123,0,0.4196479320526123,0.5827285051345825,1.0,0.0,0.3951341509819031,0,0.3951341509819031,0.5636181831359863,0.4999011754989624,0.5000581741333008,0.6921021938323975,0.29746994376182556,0,0.29746994376182556,0.5122045874595642,0.40922078490257263,0.494140625,0.5024497509002686,0.49763166904449463,0.6912347078323364,0.4125301241874695,0,0.4125301241874695,0.5936092734336853,0.506611704826355,0.493551105260849,0.6912275552749634,0.3203958799283193,0,0.2845759987831116,0.35,0.3584653437137604,0.33984375
abraom_pathogenic_present,1320,1:55052712:C:T,PCSK9,1,55052712,C,T,SNV,1,0.006832,0.00539568,0.0014363197,"(0.001,0.005]",unresolved_false_benign,0.32082128524780273,0,0.32082128524780273,0.4311051070690155,0.42202815413475037,0,0.42202815413475037,0.5827285051345825,1.0,0.0,0.42823341488838196,0,0.42823341488838196,0.5636181831359863,0.5008128881454468,0.499187171459198,0.6921781897544861,0.28937169909477234,0,0.28937169909477234,0.5122045874595642,0.38537469506263733,0.43359375,0.5022902488708496,0.497872531414032,0.6913104057312012,0.40827676653862,0,0.40827676653862,0.5936092734336853,0.5061392784118652,0.49382004141807556,0.6912690997123718,0.3358952318201427,0,0.2991051971912384,0.35,0.3747906982898712,0.33984375
abraom_pathogenic_present,1348,2:84459376:T:C,SUCLG1,2,84459376,T,C,SNV,1,0.010248,0.00755656,0.0026914398,"(0.001,0.005]",common_plp_recessive_or_founder_review,0.3951341509819031,0,0.3951341509819031,0.4311051070690155,0.4287116527557373,0,0.4287116527557373,0.5827285051345825,1.0,0.0,0.4248892068862915,0,0.4248892068862915,0.5636181831359863,0.5003728866577148,0.49950504302978516,0.6921424865722656,0.29098087549209595,0,0.29098087549209595,0.5122045874595642,0.4040370583534241,0.5,0.5023170709609985,0.49780499935150146,0.6912941932678223,0.42727720737457275,0,0.42727720737457275,0.5936092734336853,0.5061172842979431,0.4940048158168793,0.6912213563919067,0.3339374699539396,0,0.2845759987831116,0.35,0.38722676038742065,0.462890625
abraom_pathogenic_present,1303,1:11934703:G:A,PLOD1,1,11934703,G,A,SNV,1,0.008113,0.00623769,0.0018753097,"(0.001,0.005]",unresolved_false_benign,0.29178744554519653,0,0.29178744554519653,0.4311051070690155,0.42919009923934937,0,0.42919009923934937,0.5827285051345825,1.0,0.0,0.39981165528297424,0,0.39981165528297424,0.5636181831359863,0.4996879994869232,0.5002306699752808,0.6920746564865112,0.3106943964958191,0,0.3106943964958191,0.5122045874595642,0.42107561230659485,0.48046875,0.5028972625732422,0.4972248077392578,0.6912872791290283,0.42536652088165283,0,0.42536652088165283,0.5936092734336853,0.506588876247406,0.493289053440094,0.6913210153579712,0.32745320473627115,0,0.2925952970981598,0.35,0.3647775650024414,0.330078125
abraom_pathogenic_present,1285,17:17236983:G:A,FLCN,17,17236983,G,A,SNV,1,0.453886,0.452349,0.0015369952,"(0.001,0.005]",common_plp_recessive_or_founder_review,0.3442229926586151,0,0.3442229926586151,0.4311051070690155,0.4330222010612488,0,0.4330222010612488,0.5827285051345825,1.0,0.0,0.4134771525859833,0,0.4134771525859833,0.5636181831359863,0.500282883644104,0.49983924627304077,0.6920338869094849,0.12592275440692902,0,0.12592275440692902,0.5122045874595642,0.25534364581108093,0.87109375,0.502312183380127,0.49785059690475464,0.691283643245697,0.4263215959072113,0,0.4263215959072113,0.5936092734336853,0.5064899921417236,0.493387907743454,0.6913074254989624,0.2059342472246728,0,0.16026602685451508,0.35,0.2613309323787689,0.62109375
abraom_pathogenic_present,1321,1:55057360:A:G,PCSK9,1,55057360,A,G,SNV,1,0.989325,0.983548,0.0057770014,"(0.005,0.01]",common_plp_recessive_or_founder_review,0.37570643424987793,0,0.37570643424987793,0.4311051070690155,0.4359014928340912,0,0.4359014928340912,0.5827285051345825,1.0,0.0,0.4368622601032257,0,0.4368622601032257,0.5636181831359863,0.5006906986236572,0.4994313716888428,0.6921367645263672,0.13477590680122375,0,0.13477590680122375,0.5122045874595642,0.2523840367794037,0.77734375,0.5034171938896179,0.49678629636764526,0.6912884712219238,0.46465864777565,0,0.46465864777565,0.5936092734336853,0.5066357851028442,0.49340498447418213,0.6912984848022461,0.20882356532883092,0,0.14033624529838562,0.35,0.29828691482543945,0.953125
abraom_pathogenic_present,1246,10:23193706:T:C,PTF1A,10,23193706,T,C,SNV,1,0.526473,0.524019,0.0024539828,"(0.001,0.005]",common_plp_recessive_or_founder_review,0.3319854736328125,0,0.3319854736328125,0.4311051070690155,0.4373428225517273,0,0.4373428225517273,0.5827285051345825,1.0,0.0,0.4411914050579071,0,0.4411914050579071,0.5636181831359863,0.500537633895874,0.49925896525382996,0.6920613050460815,0.1127954050898552,0,0.1127954050898552,0.5122045874595642,0.22815649211406708,0.84375,0.5037994980812073,0.4964446723461151,0.6913005113601685,0.41679665446281433,0,0.41679665446281433,0.5936092734336853,0.5069171190261841,0.4930015504360199,0.6913280487060547,0.1780965897415048,0,0.11757213622331619,0.35,0.2613309323787689,0.98046875
abraom_pathogenic_present,1375,6:65707146:G:A,EYS,6,65707146,G,A,SNV,1,0.018787,0.0121193,0.0066677006,"(0.005,0.01]",common_plp_recessive_or_founder_review,0.38630032539367676,0,0.38630032539367676,0.4311051070690155,0.44046923518180847,0,0.44046923518180847,0.5827285051345825,1.0,0.0,0.435421347618103,0,0.435421347618103,0.5636181831359863,0.5001661777496338,0.4996711015701294,0.692160964012146,0.2538610100746155,0,0.2538610100746155,0.5122045874595642,0.378459095954895,0.58203125,0.5023658871650696,0.4977562129497528,0.6914302110671997,0.46223029494285583,0,0.46223029494285583,0.5936092734336853,0.5063660144805908,0.4933898448944092,0.6913185119628906,0.27629982286441623,0,0.23091977834701538,0.35,0.3268083333969116,0.48046875
abraom_pathogenic_present,1261,11:64807686:G:A,MEN1,11,64807686,G,A,SNV,1,0.005128,0.00497682,0.00015117973,"(0,0.001]",unresolved_false_benign,0.33895185589790344,0,0.33895185589790344,0.4311051070690155,0.4411914050579071,0,0.4411914050579071,0.5827285051345825,1.0,0.0,0.4378235340118408,0,0.4378235340118408,0.5636181831359863,0.5003576874732971,0.49960169196128845,0.6921554803848267,0.29746994376182556,0,0.29746994376182556,0.5122045874595642,0.4040370583534241,0.470703125,0.5032326579093933,0.4968487620353699,0.6912879943847656,0.4450470805168152,0,0.4450470805168152,0.5936092734336853,0.5063716769218445,0.4934656023979187,0.6913847923278809,0.3330692451539894,0,0.2958398759365082,0.35,0.3729618787765503,0.349609375
abraom_pathogenic_present,1402,9:72836079:G:C,TMC1,9,72836079,G,C,SNV,1,0.015371,0.0110657,0.0043053003,"(0.001,0.005]",common_plp_recessive_or_founder_review,0.3584653437137604,0,0.3584653437137604,0.4311051070690155,0.4421546757221222,0,0.4421546757221222,0.5827285051345825,1.0,0.0,0.42107561230659485,0,0.42107561230659485,0.5636181831359863,0.500813901424408,0.49906405806541443,0.6921488642692566,0.25534364581108093,0,0.25534364581108093,0.5122045874595642,0.3720487952232361,0.546875,0.5024148225784302,0.4976258873939514,0.6914181113243103,0.4311051070690155,0,0.4311051070690155,0.5936092734336853,0.5062244534492493,0.4936941862106323,0.6912283301353455,0.2572049464843091,0,0.2107662856578827,0.35,0.30985841155052185,0.51953125
abraom_pathogenic_present,1277,15:72376139:C:T,HEXA,15,72376139,C,T,SNV,1,0.012383,0.01404,0.0016569998,"(0.001,0.005]",common_plp_recessive_or_founder_review,0.3380771279335022,0,0.3380771279335022,0.4311051070690155,0.4433594048023224,0,0.4433594048023224,0.5827285051345825,1.0,0.0,0.4373428225517273,0,0.4373428225517273,0.5636181831359863,0.50044846534729,0.49942952394485474,0.6921369433403015,0.29746994376182556,0,0.29746994376182556,0.5122045874595642,0.39793843030929565,0.4453125,0.5021075010299683,0.4978925585746765,0.691341757774353,0.43854472041130066,0,0.43854472041130066,0.5936092734336853,0.5062515735626221,0.4939112365245819,0.691191554069519,0.3270232008719856,0,0.28937169909477234,0.35,0.3665897250175476,0.349609375
abraom_pathogenic_present,1269,12:6016744:G:A,VWF,12,6016744,G,A,SNV,1,0.006405,0.00390681,0.00249819,"(0.001,0.005]",unresolved_false_benign,0.3123700022697449,0,0.3123700022697449,0.4311051070690155,0.4436004161834717,0,0.4436004161834717,0.5827285051345825,1.0,0.0,0.435421347618103,0,0.435421347618103,0.5636181831359863,0.5008289813995361,0.49917107820510864,0.6921161413192749,0.25982561707496643,0,0.25982561707496643,0.5122045874595642,0.37387579679489136,0.53125,0.5027073621749878,0.497292697429657,0.6913708448410034,0.4277552366256714,0,0.4277552366256714,0.5936092734336853,0.5059850811958313,0.49405568838119507,0.6912404298782349,0.31912139783542387,0,0.27747300267219543,0.35,0.3638729155063629,0.3984375
abraom_pathogenic_present,1258,11:46726112:C:T,F2,11,46726112,C,T,SNV,1,0.00854,0.00707804,0.0014619599,"(0.001,0.005]",unresolved_false_benign,0.3415825068950653,0,0.3415825068950653,0.4311051070690155,0.4443236291408539,0,0.4443236291408539,0.5827285051345825,1.0,0.0,0.4407099485397339,0,0.4407099485397339,0.5636181831359863,0.500730574131012,0.49918806552886963,0.6921658515930176,0.2991051971912384,0,0.2991051971912384,0.5122045874595642,0.3937346339225769,0.419921875,0.5030240416526794,0.4970167279243469,0.6913256049156189,0.4315841495990753,0,0.4315841495990753,0.5936092734336853,0.5066521763801575,0.4933478534221649,0.6912848353385925,0.3446639836250081,0,0.3073579967021942,0.35,0.3835258483886719,0.3359375
abraom_pathogenic_present,1266,12:5044762:G:C,KCNA5,12,5044762,G,C,SNV,1,0.005124,0.0039854,0.0011386,"(0.001,0.005]",unresolved_false_benign,0.3656831681728363,0,0.3656831681728363,0.4311051070690155,0.44577082991600037,0,0.44577082991600037,0.5827285051345825,1.0,0.0,0.4344612956047058,0,0.4344612956047058,0.5636181831359863,0.5015802979469299,0.49821627140045166,0.6921199560165405,0.3106943964958191,0,0.3106943964958191,0.5122045874595642,0.4196479320526123,0.470703125,0.5026189088821411,0.49746251106262207,0.691450834274292,0.40450742840766907,0,0.40450742840766907,0.5936092734336853,0.5072986483573914,0.49266064167022705,0.6913243532180786,0.310067304164058,0,0.2689414322376251,0.35,0.35488009452819824,0.404296875
abraom_pathogenic_present,1314,1:46197832:C:T,POMGNT1,1,46197832,C,T,SNV,1,0.008967,0.00530664,0.00366036,"(0.001,0.005]",unresolved_false_benign,0.37799978256225586,0,0.37799978256225586,0.4311051070690155,0.45011767745018005,0,0.45011767745018005,0.5827285051345825,1.0,0.0,0.45350387692451477,0,0.45350387692451477,0.5636181831359863,0.500226616859436,0.49993616342544556,0.6920909881591797,0.3302551507949829,0,0.3302551507949829,0.5122045874595642,0.42202815413475037,0.392578125,0.5030445456504822,0.4970775246620178,0.6912554502487183,0.4450470805168152,0,0.4450470805168152,0.5936092734336853,0.5069044828414917,0.4930955171585083,0.6912897825241089,0.3807589490292766,1,0.3486451208591461,0.35,0.4139508903026581,0.27734375
abraom_pathogenic_present,1291,17:42536129:G:A,NAGLU,17,42536129,G,A,SNV,1,0.005124,0.00252018,0.0026038198,"(0.001,0.005]",unresolved_false_benign,0.33982762694358826,0,0.33982762694358826,0.4311051070690155,0.45011767745018005,0,0.45011767745018005,0.5827285051345825,1.0,0.0,0.4315841495990753,0,0.4315841495990753,0.5636181831359863,0.5002472996711731,0.4997933804988861,0.6920919418334961,0.36116471886634827,0,0.36116471886634827,0.5122045874595642,0.4605315029621124,0.4140625,0.5028864145278931,0.4972357153892517,0.691333532333374,0.4515683352947235,0,0.4515683352947235,0.5936092734336853,0.5065070390701294,0.4933302104473114,0.6913372278213501,0.3800684205153667,1,0.34687307476997375,0.35,0.4148988425731659,0.291015625
abraom_pathogenic_present,1319,1:55052697:C:T,PCSK9,1,55052697,C,T,SNV,1,0.018787,0.022445,0.0036580004,"(0.001,0.005]",common_plp_recessive_or_founder_review,0.35398629307746887,0,0.35398629307746887,0.4311051070690155,0.4547143280506134,0,0.4547143280506134,0.5827285051345825,1.0,0.0,0.44890937209129333,0,0.44890937209129333,0.5636181831359863,0.5007485747337341,0.49925145506858826,0.6921646595001221,0.24508501589298248,0,0.24508501589298248,0.5122045874595642,0.34775856137275696,0.49609375,0.5023400187492371,0.4979041516780853,0.6912879943847656,0.44191381335258484,0,0.44191381335258484,0.5936092734336853,0.50604248046875,0.4939168691635132,0.6912698745727539,0.2927974874102747,0,0.2523840367794037,0.35,0.3363310694694519,0.404296875
abraom_pathogenic_present,1376,7:128405784:G:A,IMPDH1,7,128405784,G,A,SNV,1,0.00854,0.00093302,0.00760698,"(0.005,0.01]",unresolved_false_benign,0.33982762694358826,0,0.33982762694358826,0.4311051070690155,0.45519864559173584,0,0.45519864559173584,0.5827285051345825,1.0,0.0,0.44167301058769226,0,0.44167301058769226,0.5636181831359863,0.499721497297287,0.500319242477417,0.692105233669281,0.34953272342681885,0,0.34953272342681885,0.5122045874595642,0.45205211639404297,0.427734375,0.5025635957717896,0.49743637442588806,0.6912686228752136,0.45084288716316223,0,0.45084288716316223,0.5936092734336853,0.5060513615608215,0.49398934841156006,0.6913390159606934,0.4154916773264187,1,0.3858373761177063,0.35,0.44577082991600037,0.2470703125
abraom_pathogenic_present,1340,2:71612673:C:T,DYSF,2,71612673,C,T,SNV,1,0.006405,0.000787784,0.005617216,"(0.005,0.01]",unresolved_false_benign,0.35488009452819824,0,0.35488009452819824,0.4311051070690155,0.4590761363506317,0,0.4590761363506317,0.5827285051345825,1.0,0.0,0.4493926167488098,0,0.4493926167488098,0.5636181831359863,0.5003470182418823,0.49973437190055847,0.6921730041503906,0.3602639436721802,0,0.3602639436721802,0.5122045874595642,0.4472188949584961,0.361328125,0.5029224157333374,0.4972810447216034,0.6912993788719177,0.45084288716316223,0,0.45084288716316223,0.5936092734336853,0.5066272616386414,0.4935762882232666,0.6912788152694702,0.427516212008405,1,0.39606815576553345,0.35,0.4593186378479004,0.2578125
abraom_pathogenic_present,1281,16:46689659:G:A,ORC6,16,46689659,G,A,SNV,1,0.005124,0.00343284,0.0016911598,"(0.001,0.005]",unresolved_false_benign,0.36931508779525757,0,0.36931508779525757,0.4311051070690155,0.46004632115364075,0,0.46004632115364075,0.5827285051345825,1.0,0.0,0.4436004161834717,0,0.4436004161834717,0.5636181831359863,0.5006552934646606,0.49930405616760254,0.6921006441116333,0.34953272342681885,0,0.34953272342681885,0.5122045874595642,0.4484262764453888,0.4140625,0.5027339458465576,0.49734747409820557,0.691250205039978,0.4663594961166382,0,0.4663594961166382,0.5936092734336853,0.506506621837616,0.4934934079647064,0.6913120150566101,0.37754063165912843,1,0.34510529041290283,0.35,0.41063806414604187,0.27734375
abraom_pathogenic_present,1339,2:71553148:G:A,DYSF,2,71553148,G,A,SNV,1,0.007265,0.0074671,0.00020209979,"(0,0.001]",unresolved_false_benign,0.3354596793651581,0,0.3354596793651581,0.4311051070690155,0.4627158045768738,0,0.4627158045768738,0.5827285051345825,1.0,0.0,0.46004632115364075,0,0.46004632115364075,0.5636181831359863,0.5008078813552856,0.49927350878715515,0.6921514272689819,0.28140559792518616,0,0.28140559792518616,0.5122045874595642,0.39094078540802,0.494140625,0.5029948353767395,0.49729007482528687,0.6912676095962524,0.4576214849948883,0,0.4576214849948883,0.5936092734336853,0.5061124563217163,0.4938468635082245,0.6913322806358337,0.31890920985862004,0,0.28140559792518616,0.35,0.3593641221523285,0.361328125
abraom_pathogenic_present,1371,6:63778108:T:C,EYS,6,63778108,T,C,SNV,1,0.005978,0.00575709,0.00022090971,"(0,0.001]",unresolved_false_benign,0.4078049957752228,0,0.4078049957752228,0.4311051070690155,0.4627158045768738,0,0.4627158045768738,0.5827285051345825,1.0,0.0,0.465630441904068,0,0.465630441904068,0.5636181831359863,0.5005524158477783,0.4995289742946625,0.6920908689498901,0.2829881012439728,0,0.2829881012439728,0.5122045874595642,0.39466747641563416,0.5,0.5017839074134827,0.4981754720211029,0.6914329528808594,0.45786386728286743,0,0.45786386728286743,0.5936092734336853,0.5059727430343628,0.4939866065979004,0.6912230253219604,0.33133606921598624,0,0.2798284888267517,0.35,0.38769033551216125,0.490234375
abraom_pathogenic_present,1278,15:89319006:C:T,POLG,15,89319006,C,T,SNV,1,0.006832,0.00489881,0.00193319,"(0.001,0.005]",unresolved_false_benign,0.333720326423645,0,0.333720326423645,0.4311051070690155,0.4632014036178589,0,0.4632014036178589,0.5827285051345825,1.0,0.0,0.45568299293518066,0,0.45568299293518066,0.5636181831359863,0.5007041692733765,0.4994179606437683,0.6921368837356567,0.31573596596717834,0,0.31573596596717834,0.5122045874595642,0.40874865651130676,0.404296875,0.5030331611633301,0.4972110390663147,0.6912218332290649,0.4530198276042938,0,0.4530198276042938,0.5936092734336853,0.5061376094818115,0.4938216805458069,0.6912729740142822,0.37410444715133895,1,0.33982762694358826,0.35,0.40922078490257263,0.294921875
abraom_pathogenic_present,1289,17:41755121:C:T,JUP,17,41755121,C,T,SNV,1,0.024338,0.0143649,0.009973099,"(0.005,0.01]",common_plp_recessive_or_founder_review,0.3881540596485138,0,0.3881540596485138,0.4311051070690155,0.46733176708221436,0,0.46733176708221436,0.5827285051345825,1.0,0.0,0.47475293278694153,0,0.47475293278694153,0.5636181831359863,0.4997484087944031,0.5002923011779785,0.6920725703239441,0.3380771279335022,0,0.3380771279335022,0.5122045874595642,0.4258439540863037,0.37109375,0.5028668642044067,0.49717387557029724,0.6912745237350464,0.4798692762851715,0,0.4798692762851715,0.5936092734336853,0.5063452124595642,0.493736207485199,0.6912640333175659,0.3988746202296863,1,0.3665897250175476,0.35,0.4315841495990753,0.26953125
abraom_pathogenic_present,1293,18:57571588:A:G,FECH,18,57571588,A,G,SNV,1,0.083689,0.0680003,0.015688695,"(0.01,0.05]",common_plp_recessive_or_founder_review,0.3242354094982147,0,0.3242354094982147,0.4311051070690155,0.4675748646259308,0,0.4675748646259308,0.5827285051345825,1.0,0.0,0.4827949106693268,0,0.4827949106693268,0.5636181831359863,0.5005480051040649,0.49941131472587585,0.6921200752258301,0.16667540371418,0,0.16667540371418,0.5122045874595642,0.2751297354698181,0.640625,0.502285361289978,0.497836709022522,0.6913734674453735,0.49610912799835205,0,0.49610912799835205,0.5936092734336853,0.5056345462799072,0.49420270323753357,0.6912974715232849,0.2560871147355217,0,0.19436779618263245,0.35,0.3293917179107666,0.7109375
abraom_pathogenic_present,1354,3:38560174:C:T,SCN5A,3,38560174,C,T,SNV,1,0.005551,0.00822105,0.0026700497,"(0.001,0.005]",unresolved_false_benign,0.3720487952232361,0,0.3720487952232361,0.4311051070690155,0.46830427646636963,0,0.46830427646636963,0.5827285051345825,1.0,0.0,0.4576214849948883,0,0.4576214849948883,0.5636181831359863,0.4999411702156067,0.5001809597015381,0.6921014189720154,0.2829881012439728,0,0.2829881012439728,0.5122045874595642,0.37937837839126587,0.439453125,0.5025578737258911,0.4977269768714905,0.6912212371826172,0.45786386728286743,0,0.45786386728286743,0.5936092734336853,0.5060075521469116,0.49403318762779236,0.6912847757339478,0.3291760296260543,0,0.29421496391296387,0.35,0.3665897250175476,0.330078125
abraom_pathogenic_present,1306,1:175406219:T:C,TNR,1,175406219,T,C,SNV,1,0.005124,0.00403814,0.0010858597,"(0.001,0.005]",unresolved_false_benign,0.46660250425338745,1,0.46660250425338745,0.4311051070690155,0.47037166357040405,0,0.47037166357040405,0.5827285051345825,1.0,0.0,0.48023492097854614,0,0.48023492097854614,0.5636181831359863,0.5003445148468018,0.4996962249279022,0.6921200156211853,0.3199707269668579,0,0.3199707269668579,0.5122045874595642,0.435421347618103,0.494140625,0.5024703145027161,0.4976111054420471,0.6913007497787476,0.4739007353782654,0,0.4739007353782654,0.5936092734336853,0.505926251411438,0.494114488363266,0.6912774443626404,0.358240784061755,1,0.3073579967021942,0.35,0.4130035638809204,0.462890625
abraom_pathogenic_present,1309,1:197057135:T:C,F13B,1,197057135,T,C,SNV,1,0.005124,0.00789259,0.00276859,"(0.001,0.005]",unresolved_false_benign,0.3849121630191803,0,0.3849121630191803,0.4311051070690155,0.47122326493263245,0,0.47122326493263245,0.5827285051345825,1.0,0.0,0.47085830569267273,0,0.47085830569267273,0.5636181831359863,0.5006228685379028,0.49941784143447876,0.6921061277389526,0.270480215549469,0,0.270480215549469,0.5122045874595642,0.3835258483886719,0.51953125,0.5020450353622437,0.4977515637874603,0.6915415525436401,0.46660250425338745,0,0.46660250425338745,0.5936092734336853,0.5061295032501221,0.49387049674987793,0.6911925077438354,0.30735800728309687,0,0.2538610100746155,0.35,0.3674972355365753,0.5390625
abraom_pathogenic_present,1286,17:17237171:C:G,FLCN,17,17237171,C,G,SNV,1,0.718617,0.727425,0.008807957,"(0.005,0.01]",common_plp_recessive_or_founder_review,0.4831606447696686,1,0.4831606447696686,0.4311051070690155,0.47317034006118774,0,0.47317034006118774,0.5827285051345825,1.0,0.0,0.4930729568004608,0,0.4930729568004608,0.5636181831359863,0.5004082322120667,0.4997138977050781,0.6920480728149414,0.12592275440692902,0,0.12592275440692902,0.5122045874595642,0.24798744916915894,0.82421875,0.5022591948509216,0.49790358543395996,0.6912869811058044,0.4887714385986328,0,0.4887714385986328,0.5936092734336853,0.5066225528717041,0.4932960867881775,0.6912802457809448,0.18097352112635065,0,0.13477590680122375,0.35,0.23792988061904907,0.69140625
abraom_pathogenic_present,1259,11:46729509:G:A,F2,11,46729509,G,A,SNV,1,0.021776,0.0153273,0.0064487,"(0.005,0.01]",common_plp_recessive_or_founder_review,0.33982762694358826,0,0.33982762694358826,0.4311051070690155,0.4765796363353729,0,0.4765796363353729,0.5827285051345825,1.0,0.0,0.47025004029273987,0,0.47025004029273987,0.5636181831359863,0.5008230209350586,0.499339759349823,0.692042350769043,0.2628418207168579,0,0.2628418207168579,0.5122045874595642,0.3747906982898712,0.5234375,0.5031154751777649,0.4969659447669983,0.6913134455680847,0.47597065567970276,0,0.47597065567970276,0.5936092734336853,0.5062885284423828,0.4937114417552948,0.6912931799888611,0.3044551046845004,0,0.2658804655075073,0.35,0.34687307476997375,0.38671875
abraom_pathogenic_present,1253,11:2159830:T:G,INS,11,2159830,T,G,SNV,1,0.634927,0.610178,0.024748981,"(0.01,0.05]",common_plp_recessive_or_founder_review,0.4311051070690155,1,0.4311051070690155,0.4311051070690155,0.47694510221481323,0,0.47694510221481323,0.5827285051345825,1.0,0.0,0.48157572746276855,0,0.48157572746276855,0.5636181831359863,0.4995216727256775,0.5005190372467041,0.6921600103378296,0.14033624529838562,0,0.14033624529838562,0.5122045874595642,0.2583259642124176,0.75390625,0.5025694370269775,0.49771541357040405,0.6912286281585693,0.45592519640922546,0,0.45592519640922546,0.5936092734336853,0.506240963935852,0.49367767572402954,0.6913501024246216,0.20721471095729116,0,0.154057577252388,0.35,0.272024542093277,0.71484375
abraom_pathogenic_present,1408,X:77998657:A:G,ATP7A,X,77998657,A,G,SNV,1,0.005219,0.0070946,0.0018755998,"(0.001,0.005]",unresolved_false_benign,0.3835258483886719,0,0.3835258483886719,0.4311051070690155,0.48169761896133423,0,0.48169761896133423,0.5827285051345825,1.0,0.0,0.4916999638080597,0,0.4916999638080597,0.5636181831359863,0.5009417533874512,0.4990989863872528,0.6920961141586304,0.2568320035934448,0,0.2568320035934448,0.5122045874595642,0.3584653437137604,0.4765625,0.5019517540931702,0.4982110261917114,0.6913219690322876,0.4941408932209015,0,0.4941408932209015,0.5936092734336853,0.5063813924789429,0.4935372769832611,0.6912292242050171,0.3524246363131526,1,0.3073579967021942,0.35,0.39981165528297424,0.404296875
abraom_pathogenic_present,1250,11:1242957:C:T,MUC5B,11,1242957,C,T,SNV,1,0.006405,0.00316173,0.00324327,"(0.001,0.005]",unresolved_false_benign,0.3656831681728363,0,0.3656831681728363,0.4311051070690155,0.48377031087875366,0,0.48377031087875366,0.5827285051345825,1.0,0.0,0.48133188486099243,0,0.48133188486099243,0.5636181831359863,0.5014204382896423,0.4987424314022064,0.6919678449630737,0.35756751894950867,0,0.35756751894950867,0.5122045874595642,0.45132648944854736,0.392578125,0.5016872882843018,0.49843478202819824,0.6913377642631531,0.4810881018638611,0,0.4810881018638611,0.5936092734336853,0.508269727230072,0.49148616194725037,0.6914486885070801,0.37960834570873253,1,0.33982762694358826,0.35,0.42155182361602783,0.349609375
abraom_pathogenic_present,1352,3:363299:A:G,CHL1,3,363299,A,G,SNV,1,0.005124,0.0021479,0.0029761,"(0.001,0.005]",unresolved_false_benign,0.40827676653862,0,0.40827676653862,0.4311051070690155,0.48559966683387756,0,0.48559966683387756,0.5827285051345825,1.0,0.0,0.4830387830734253,0,0.4830387830734253,0.5636181831359863,0.5009348392486572,0.49886173009872437,0.6922048330307007,0.33111974596977234,0,0.33111974596977234,0.5122045874595642,0.4311051070690155,0.427734375,0.5020588636398315,0.49790048599243164,0.6914042234420776,0.5050352215766907,0,0.5050352215766907,0.5936092734336853,0.506065845489502,0.49405622482299805,0.691149115562439,0.44619304759277634,1,0.403566837310791,0.35,0.489686518907547,0.349609375
abraom_pathogenic_present,1364,5:170108446:G:C,FOXI1,5,170108446,G,C,SNV,1,0.015798,0.0120112,0.0037868004,"(0.001,0.005]",common_plp_recessive_or_founder_review,0.4248892068862915,0,0.4248892068862915,0.4311051070690155,0.48944249749183655,0,0.48944249749183655,0.5827285051345825,1.0,0.0,0.4962768852710724,0,0.4962768852710724,0.5636181831359863,0.5014467239379883,0.4986346662044525,0.692152202129364,0.2885690927505493,0,0.2885690927505493,0.5122045874595642,0.3904758393764496,0.45703125,0.5025347471237183,0.4974246025085449,0.6913148760795593,0.4627158045768738,0,0.4627158045768738,0.5936092734336853,0.5069893598556519,0.49305129051208496,0.6912813186645508,0.2954331506860033,0,0.2568320035934448,0.35,0.3372035324573517,0.38671875
abraom_pathogenic_present,1333,2:195738049:G:A,DNAH7,2,195738049,G,A,SNV,1,0.006405,0.00715149,0.00074648997,"(0,0.001]",unresolved_false_benign,0.47025004029273987,1,0.47025004029273987,0.4311051070690155,0.49072372913360596,0,0.49072372913360596,0.5827285051345825,1.0,0.0,0.49896240234375,0,0.49896240234375,0.5636181831359863,0.5005992650985718,0.49936002492904663,0.6921297907829285,0.3007456064224243,0,0.3007456064224243,0.5122045874595642,0.40450742840766907,0.45703125,0.5015823841094971,0.4984583556652069,0.6913880705833435,0.5025634169578552,0,0.5025634169578552,0.5936092734336853,0.5062012076377869,0.4937174320220947,0.6911904215812683,0.3519789940596208,1,0.31573596596717834,0.35,0.3900110721588135,0.326171875
abraom_pathogenic_present,1356,3:47001271:C:T,NBEAL2,3,47001271,C,T,SNV,1,0.007259,0.00341544,0.00384356,"(0.001,0.005]",unresolved_false_benign,0.8587185740470886,1,0.8587185740470886,0.4311051070690155,0.4910287857055664,0,0.4910287857055664,0.5827285051345825,1.0,0.0,0.4857826232910156,0,0.4857826232910156,0.5636181831359863,0.5013084411621094,0.4985695481300354,0.6921505928039551,0.270480215549469,0,0.270480215549469,0.5122045874595642,0.36931508779525757,0.45703125,0.5041598081588745,0.4961250424385071,0.6913096904754639,0.4741441607475281,0,0.4741441607475281,0.5936092734336853,0.5068318247795105,0.4931682050228119,0.6913069486618042,0.3248776338317831,0,0.2845759987831116,0.35,0.3674972355365753,0.376953125
abraom_pathogenic_present,1305,1:16051552:G:T,CLCNKB,1,16051552,G,T,SNV,1,0.008113,0.00522216,0.0028908397,"(0.001,0.005]",unresolved_false_benign,0.5865228176116943,1,0.5865228176116943,0.4311051070690155,0.4943544566631317,0,0.4943544566631317,0.5827285051345825,1.0,0.0,0.5226894617080688,0,0.5226894617080688,0.5636181831359863,0.5007330775260925,0.49942970275878906,0.6921401023864746,0.29098087549209595,0,0.29098087549209595,0.5122045874595642,0.39466747641563416,0.462890625,0.5031218528747559,0.4971223473548889,0.6912679672241211,0.501678466796875,0,0.501678466796875,0.5936092734336853,0.5067736506462097,0.49322640895843506,0.691353440284729,0.3361130762286014,0,0.2991051971912384,0.35,0.37570643424987793,0.345703125
abraom_pathogenic_present,1343,2:71686545:G:A,DYSF,2,71686545,G,A,SNV,1,0.016225,0.0168304,0.0006053988,"(0,0.001]",common_plp_recessive_or_founder_review,0.5035552382469177,1,0.5035552382469177,0.4311051070690155,0.4970703423023224,0,0.4970703423023224,0.5827285051345825,1.0,0.0,0.498992919921875,0,0.498992919921875,0.5636181831359863,0.5001301765441895,0.5000733733177185,0.692063570022583,0.2782568037509918,0,0.2782568037509918,0.5122045874595642,0.3821414113044739,0.470703125,0.5023719668388367,0.4978722035884857,0.6912635564804077,0.5201307535171509,0,0.5201307535171509,0.5936092734336853,0.5062369704246521,0.4938037395477295,0.6913282871246338,0.3180613722252412,0,0.28140559792518616,0.35,0.35667070746421814,0.345703125
abraom_pathogenic_present,1272,12:80542888:T:C,PTPRQ,12,80542888,T,C,SNV,1,0.005978,0.00503962,0.0009383797,"(0,0.001]",unresolved_false_benign,0.3557748794555664,0,0.3557748794555664,0.4311051070690155,0.49829861521720886,0,0.49829861521720886,0.5827285051345825,1.0,0.0,0.47877252101898193,0,0.47877252101898193,0.5636181831359863,0.5009293556213379,0.4991520345211029,0.6921490430831909,0.2958398759365082,0,0.2958398759365082,0.5122045874595642,0.3900110721588135,0.419921875,0.5019578337669373,0.49804219603538513,0.6913557052612305,0.49508678913116455,0,0.49508678913116455,0.5936092734336853,0.5064679980278015,0.4935727119445801,0.6911696195602417,0.35913934725632474,1,0.3073579967021942,0.35,0.4148988425731659,0.470703125
abraom_pathogenic_present,1248,10:53961876:C:A,PCDH15,10,53961876,C,A,SNV,1,0.008148,0.00303588,0.00511212,"(0.005,0.01]",unresolved_false_benign,0.3647775650024414,0,0.3647775650024414,0.4311051070690155,0.49835970997810364,0,0.49835970997810364,0.5827285051345825,1.0,0.0,0.5023497939109802,0,0.5023497939109802,0.5636181831359863,0.500838577747345,0.4991614520549774,0.6921719312667847,0.3380771279335022,0,0.3380771279335022,0.5122045874595642,0.435421347618103,0.4140625,0.5019814968109131,0.4979778230190277,0.6913782954216003,0.4977874755859375,0,0.4977874755859375,0.5936092734336853,0.5056185126304626,0.49425944685935974,0.6912533044815063,0.4040370739190979,1,0.37387579679489136,0.35,0.43494126200675964,0.25390625
abraom_pathogenic_present,1327,22:41925447:G:A,TNFRSF13C,22,41925447,G,A,SNV,1,0.012383,0.00580525,0.00657775,"(0.005,0.01]",common_plp_recessive_or_founder_review,0.41063806414604187,0,0.41063806414604187,0.4311051070690155,0.5007171630859375,0,0.5007171630859375,0.5827285051345825,1.0,0.0,0.4973297417163849,0,0.4973297417163849,0.5636181831359863,0.4996141195297241,0.5005487203598022,0.6919988393783569,0.36116471886634827,0,0.36116471886634827,0.5122045874595642,0.454472154378891,0.38671875,0.5028766393661499,0.4972454905509949,0.6912769675254822,0.49967190623283386,0,0.49967190623283386,0.5936092734336853,0.5064191818237305,0.4934994876384735,0.6913427114486694,0.40756913447115867,1,0.3747906982898712,0.35,0.4409506320953369,0.2734375
abraom_pathogenic_present,1357,3:50503264:G:A,CACNA2D2,3,50503264,G,A,SNV,1,0.021349,0.0241272,0.0027782004,"(0.001,0.005]",common_plp_recessive_or_founder_review,0.4205995798110962,0,0.4205995798110962,0.4311051070690155,0.5042113065719604,0,0.5042113065719604,0.5827285051345825,1.0,0.0,0.4909678101539612,0,0.4909678101539612,0.5636181831359863,0.499569833278656,0.5004708766937256,0.6920714378356934,0.28776782751083374,0,0.28776782751083374,0.5122045874595642,0.4012185335159302,0.5078125,0.5029137134552002,0.4972490668296814,0.6912096738815308,0.5051572918891907,0,0.5051572918891907,0.5936092734336853,0.5057728290557861,0.4941457509994507,0.6913661956787109,0.3235938214691054,0,0.2845759987831116,0.35,0.3647775650024414,0.365234375
abraom_pathogenic_present,1251,11:1249791:C:A,MUC5B,11,1249791,C,A,SNV,1,0.006405,0.00453383,0.00187117,"(0.001,0.005]",unresolved_false_benign,0.3812195360660553,0,0.3812195360660553,0.4311051070690155,0.5050047039985657,0,0.5050047039985657,0.5827285051345825,1.0,0.0,0.5195213556289673,0,0.5195213556289673,0.5636181831359863,0.5005901455879211,0.49940988421440125,0.692044198513031,0.333720326423645,0,0.333720326423645,0.5122045874595642,0.4359014928340912,0.43359375,0.5013250708580017,0.49863433837890625,0.6914021372795105,0.5079339146614075,0,0.5079339146614075,0.5936092734336853,0.5083926320075989,0.4917294681072235,0.6913670301437378,0.3451052545484506,0,0.30404165387153625,0.35,0.3881540596485138,0.37109375
abraom_pathogenic_present,1363,5:170108200:C:T,FOXI1,5,170108200,C,T,SNV,1,0.006405,0.00514686,0.00125814,"(0.001,0.005]",unresolved_false_benign,0.4445647597312927,1,0.4445647597312927,0.4311051070690155,0.5066829323768616,0,0.5066829323768616,0.5827285051345825,1.0,0.0,0.5031127333641052,0,0.5031127333641052,0.5636181831359863,0.5014472007751465,0.4985935091972351,0.6921510696411133,0.3293917179107666,0,0.3293917179107666,0.5122045874595642,0.418221652507782,0.380859375,0.5025812387466431,0.4975408911705017,0.6912989616394043,0.5013351440429688,0,0.5013351440429688,0.5936092734336853,0.5073103904724121,0.49285244941711426,0.6912459135055542,0.3796083107983946,1,0.34510529041290283,0.35,0.4153730273246765,0.298828125
abraom_pathogenic_present,1316,1:55039593:G:T,PCSK9,1,55039593,G,T,SNV,1,0.020513,0.0237708,0.0032578,"(0.001,0.005]",common_plp_recessive_or_founder_review,0.3363310694694519,0,0.3363310694694519,0.4311051070690155,0.5076593160629272,0,0.5076593160629272,0.5827285051345825,1.0,0.0,0.4929814636707306,0,0.4929814636707306,0.5636181831359863,0.5005200505256653,0.4994799792766571,0.6920828819274902,0.2538610100746155,0,0.2538610100746155,0.5122045874595642,0.3665897250175476,0.52734375,0.5026882290840149,0.4973931908607483,0.6913105845451355,0.49653634428977966,0,0.49653634428977966,0.5936092734336853,0.5065072774887085,0.4935334622859955,0.6912859678268433,0.2847748745970635,0,0.24508501589298248,0.35,0.32766830921173096,0.404296875
abraom_pathogenic_present,1275,14:61740857:G:A,HIF1A,14,61740857,G,A,SNV,1,0.005124,0.00736666,0.0022426601,"(0.001,0.005]",unresolved_false_benign,0.4402286112308502,1,0.4402286112308502,0.4311051070690155,0.512997567653656,0,0.512997567653656,0.5827285051345825,1.0,0.0,0.5223240256309509,0,0.5223240256309509,0.5636181831359863,0.5011231303215027,0.4988768994808197,0.6921148300170898,0.319121390581131,0,0.319121390581131,0.5122045874595642,0.42155182361602783,0.439453125,0.502452552318573,0.4977102279663086,0.6912667155265808,0.521349310874939,0,0.521349310874939,0.5936092734336853,0.5066239833831787,0.4934574365615845,0.6911659240722656,0.34908878833659857,0,0.3123700022697449,0.35,0.3881540596485138,0.3359375
abraom_pathogenic_present,1345,2:73450551:G:A,ALMS1,2,73450551,G,A,SNV,1,0.005124,0.000755252,0.004368748,"(0.001,0.005]",unresolved_false_benign,0.5140343904495239,1,0.5140343904495239,0.4311051070690155,0.5156199336051941,0,0.5156199336051941,0.5827285051345825,1.0,0.0,0.5013885498046875,0,0.5013885498046875,0.5636181831359863,0.5024338960647583,0.4973220229148865,0.6920595169067383,0.3584653437137604,0,0.3584653437137604,0.5122045874595642,0.47791963815689087,0.494140625,0.5025890469551086,0.49712616205215454,0.6914923191070557,0.5195213556289673,0,0.5195213556289673,0.5936092734336853,0.5077552795410156,0.49240753054618835,0.6912899017333984,0.38815408828076675,1,0.33982762694358826,0.35,0.4390257000923157,0.419921875
abraom_pathogenic_present,1342,2:71658970:G:A,DYSF,2,71658970,G,A,SNV,1,0.025192,0.0161877,0.0090043,"(0.005,0.01]",common_plp_recessive_or_founder_review,0.42441198229789734,0,0.42441198229789734,0.4311051070690155,0.5161076784133911,0,0.5161076784133911,0.5827285051345825,1.0,0.0,0.5118386149406433,0,0.5118386149406433,0.5636181831359863,0.5012663006782532,0.4987337291240692,0.6921522617340088,0.2766905128955841,0,0.2766905128955841,0.5122045874595642,0.3881540596485138,0.5078125,0.5023528337478638,0.49768781661987305,0.6913801431655884,0.5310877561569214,0,0.5310877561569214,0.5936092734336853,0.5063993334770203,0.4935600459575653,0.6913098096847534,0.3186971544659729,0,0.2782568037509918,0.35,0.36206647753715515,0.38671875
abraom_pathogenic_present,1351,3:33132671:C:T,CRTAP,3,33132671,C,T,SNV,1,0.005124,0.00246862,0.00265538,"(0.001,0.005]",unresolved_false_benign,0.4101654887199402,0,0.4101654887199402,0.4311051070690155,0.5180585384368896,0,0.5180585384368896,0.5827285051345825,1.0,0.0,0.502288818359375,0,0.502288818359375,0.5636181831359863,0.5006053447723389,0.4993132948875427,0.6922088861465454,0.3593641221523285,0,0.3593641221523285,0.5122045874595642,0.44601210951805115,0.361328125,0.5026723146438599,0.49736839532852173,0.6913193464279175,0.5103134512901306,0,0.5103134512901306,0.5936092734336853,0.5065217018127441,0.49347829818725586,0.6912651062011719,0.41442479753082767,1,0.38168036937713623,0.35,0.44794324040412903,0.2734375
abraom_pathogenic_present,1349,3:165023746:A:G,SI,3,165023746,A,G,SNV,1,0.005551,0.0048174,0.0007336,"(0,0.001]",threshold_borderline,0.4644157588481903,1,0.4644157588481903,0.4311051070690155,0.5338835716247559,0,0.5338835716247559,0.5827285051345825,1.0,0.0,0.522567629814148,0,0.522567629814148,0.5636181831359863,0.5010278224945068,0.49872803688049316,0.6921648383140564,0.3090237081050873,0,0.3090237081050873,0.5122045874595642,0.4130035638809204,0.451171875,0.501727819442749,0.4983941912651062,0.6914102435112,0.5547116994857788,0,0.5547116994857788,0.5936092734336853,0.5065592527389526,0.49327799677848816,0.6912661790847778,0.4221472698805217,1,0.36931508779525757,0.35,0.47718870639801025,0.4453125
abraom_pathogenic_present,1367,5:90745103:G:A,ADGRV1,5,90745103,G,A,SNV,1,0.006832,0.00308833,0.00374367,"(0.001,0.005]",threshold_borderline,0.43638181686401367,1,0.43638181686401367,0.4311051070690155,0.5343695282936096,0,0.5343695282936096,0.5827285051345825,1.0,0.0,0.547947883605957,0,0.547947883605957,0.5636181831359863,0.5011663436889648,0.49875232577323914,0.6921766996383667,0.36296918988227844,0,0.36296918988227844,0.5122045874595642,0.45859116315841675,0.3984375,0.5023680925369263,0.4977132976055145,0.6913394927978516,0.5404388308525085,0,0.5404388308525085,0.5936092734336853,0.5064218044281006,0.4935375154018402,0.6911953687667847,0.42823339772088814,1,0.3965354263782501,0.35,0.4605315029621124,0.26171875
abraom_pathogenic_present,1369,6:49444686:G:A,MMUT,6,49444686,G,A,SNV,1,0.008113,0.00478576,0.0033272398,"(0.001,0.005]",threshold_borderline,0.42298123240470886,0,0.42298123240470886,0.4311051070690155,0.5360700488090515,0,0.5360700488090515,0.5827285051345825,1.0,0.0,0.541166365146637,0,0.541166365146637,0.5636181831359863,0.5009809732437134,0.4991005063056946,0.6921104788780212,0.35220175981521606,0,0.35220175981521606,0.5122045874595642,0.44987592101097107,0.41015625,0.502487301826477,0.49763476848602295,0.6912953853607178,0.5336405038833618,0,0.5336405038833618,0.5936092734336853,0.5054736137390137,0.4946485161781311,0.6911839246749878,0.41229348787415065,1,0.378459095954895,0.35,0.446977436542511,0.283203125
abraom_pathogenic_present,1296,19:12766150:G:C,HOOK2,19,12766150,G,C,SNV,1,0.307857,0.291267,0.01659,"(0.01,0.05]",common_plp_recessive_or_founder_review,0.46368712186813354,1,0.46368712186813354,0.4311051070690155,0.5450435876846313,0,0.5450435876846313,0.5827285051345825,1.0,0.0,0.5401962995529175,0,0.5401962995529175,0.5636181831359863,0.4997086524963379,0.5004948377609253,0.6920390129089355,0.14608724415302277,0,0.14608724415302277,0.5122045874595642,0.2735744118690491,0.7890625,0.5035156011581421,0.4966472089290619,0.691299319267273,0.5445592403411865,0,0.5445592403411865,0.5936092734336853,0.5065819025039673,0.4934180676937103,0.6913011074066162,0.18922124817478803,0,0.13477590680122375,0.35,0.2583259642124176,0.80078125
abraom_pathogenic_present,1381,9:105601139:A:G,FKTN,9,105601139,A,G,SNV,1,0.011529,0.0085212,0.0030077994,"(0.001,0.005]",common_plp_recessive_or_founder_review,0.4139508903026581,0,0.4139508903026581,0.4311051070690155,0.5522982478141785,0,0.5522982478141785,0.5827285051345825,1.0,0.0,0.5563995838165283,0,0.5563995838165283,0.5636181831359863,0.5016231536865234,0.49845823645591736,0.6920757293701172,0.28219619393348694,0,0.28219619393348694,0.5122045874595642,0.38769033551216125,0.4765625,0.5018393397331238,0.4982013702392578,0.6914202570915222,0.5774953961372375,0,0.5774953961372375,0.5936092734336853,0.5063519477844238,0.49368876218795776,0.6911805868148804,0.4156102071879796,1,0.3711366057395935,0.35,0.4612594246864319,0.37109375
abraom_pathogenic_present,1325,20:10408774:T:C,MKKS,20,10408774,T,C,SNV,1,0.006405,0.00363703,0.00276797,"(0.001,0.005]",threshold_borderline,0.41727152466773987,0,0.41727152466773987,0.4311051070690155,0.5537466406822205,0,0.5537466406822205,0.5827285051345825,1.0,0.0,0.541166365146637,0,0.541166365146637,0.5636181831359863,0.5003677010536194,0.4995916485786438,0.6921629905700684,0.34334173798561096,0,0.34334173798561096,0.5122045874595642,0.4450470805168152,0.427734375,0.5023127794265747,0.4976058900356293,0.6913558840751648,0.5319388508796692,0,0.5319388508796692,0.5936092734336853,0.5057638883590698,0.4941140413284302,0.6912698149681091,0.394434176840391,1,0.34687307476997375,0.35,0.4443236291408539,0.41015625
abraom_pathogenic_present,1308,1:196743447:T:C,CFH,1,196743447,T,C,SNV,1,0.235696,0.0292628,0.2064332,"(0.1,0.5]",common_plp_recessive_or_founder_review,0.47694510221481323,1,0.47694510221481323,0.4311051070690155,0.5583269596099854,0,0.5583269596099854,0.5827285051345825,1.0,0.0,0.5679365992546082,1,0.5679365992546082,0.5636181831359863,0.5012944936752319,0.49866482615470886,0.6921629309654236,0.22541658580303192,0,0.22541658580303192,0.5122045874595642,0.3415825068950653,0.578125,0.5017644166946411,0.49847978353500366,0.6913667917251587,0.5660185217857361,0,0.5660185217857361,0.5936092734336853,0.5061922073364258,0.493767112493515,0.6912180781364441,0.34114336411930246,0,0.2759094536304474,0.35,0.4130035638809204,0.61328125
abraom_pathogenic_present,1400,9:72616398:G:A,TMC1,9,72616398,G,A,SNV,1,0.006405,0.00714596,0.0007409598,"(0,0.001]",threshold_borderline,0.5230549573898315,1,0.5230549573898315,0.4311051070690155,0.56193608045578,0,0.56193608045578,0.5827285051345825,1.0,0.0,0.5836780667304993,1,0.5836780667304993,0.5636181831359863,0.5000650882720947,0.49985355138778687,0.6920982599258423,0.33895185589790344,0,0.33895185589790344,0.5122045874595642,0.4472188949584961,0.45703125,0.5025728940963745,0.49742716550827026,0.6914069652557373,0.6146253347396851,1,0.6146253347396851,0.5936092734336853,0.5061440467834473,0.49393734335899353,0.6911828517913818,0.34158250203623797,0,0.3007456064224243,0.35,0.38444983959198,0.37109375
abraom_pathogenic_present,1370,6:57196547:A:C,RAB23,6,57196547,A,C,SNV,1,0.006405,0.00581685,0.00058815023,"(0,0.001]",threshold_borderline,0.41679665446281433,0,0.41679665446281433,0.4311051070690155,0.5774953961372375,0,0.5774953961372375,0.5827285051345825,1.0,0.0,0.570331335067749,1,0.570331335067749,0.5636181831359863,0.5002918839454651,0.4996267557144165,0.6921645402908325,0.3090237081050873,0,0.3090237081050873,0.5122045874595642,0.4134771525859833,0.45703125,0.501975417137146,0.4982280731201172,0.6913205981254578,0.5679365992546082,0,0.5679365992546082,0.5936092734336853,0.5058598518371582,0.4940994679927826,0.6912277936935425,0.38191088327239175,1,0.3354596793651581,0.35,0.43062615394592285,0.404296875
abraom_pathogenic_present,1355,3:38579416:G:T,SCN5A,3,38579416,G,T,SNV,1,0.014944,0.022553,0.0076090004,"(0.005,0.01]",common_plp_recessive_or_founder_review,0.5010452270507812,1,0.5010452270507812,0.4311051070690155,0.5817784070968628,0,0.5817784070968628,0.5827285051345825,1.0,0.0,0.5983121991157532,1,0.5983121991157532,0.5636181831359863,0.4997103810310364,0.5003710389137268,0.6921307444572449,0.2689414322376251,0,0.2689414322376251,0.5122045874595642,0.3729618787765503,0.48046875,0.5027726888656616,0.49734944105148315,0.6912307739257812,0.6288633942604065,1,0.6288633942604065,0.5936092734336853,0.5060948133468628,0.4939866065979004,0.6912968158721924,0.31869715500048174,0,0.2829881012439728,0.35,0.35667070746421814,0.33984375
